tipo_produto,qualidade,preco_unitario,distancia_km,desconto_aplicado,sexo_cliente,idade_cliente,tempo_site_min,pagamento_aprovado,preco_total,compra_finalizada,tempo_entrega_dias
livro,média,88.57,23.53,0,feminino,24,22.18,1,88.57,0,3.4
cosmético,baixa,50.28,67.42,0,feminino,30,10.67,1,50.28,1,7.4
alimento,média,-28.12,10.0,1,masculino,38,4.9,1,-26.65,0,2.9
cosmético,alta,90.45,2.8,0,feminino,34,6.74,0,90.45,1,1.0
cosmético,baixa,220.63,22.28,1,feminino,41,9.44,1,203.35,1,2.4
vestuário,média,139.23,26.14,0,masculino,18,7.18,1,139.23,1,5.4
alimento,média,99.04,17.12,0,masculino,26,16.88,1,99.04,0,1.6
alimento,média,86.86,4.63,1,feminino,33,3.53,0,76.33,1,1.0
alimento,baixa,101.12,14.04,0,feminino,57,2.85,1,101.12,1,2.8
cosmético,alta,127.36,7.48,0,feminino,33,1.92,1,127.36,0,1.0
livro,alta,40.96,11.15,0,masculino,48,0.31,1,40.96,0,1.0
alimento,alta,155.72,20.73,1,outro,35,0.35,0,136.88,1,3.7
cosmético,alta,135.77,27.35,0,masculino,29,16.33,1,135.77,1,1.5
vestuário,baixa,135.91,5.29,1,masculino,32,9.08,1,125.62,0,1.0
livro,alta,121.92,10.39,0,outro,32,8.64,1,121.92,1,4.6
vestuário,baixa,100.98,6.27,1,masculino,42,7.63,1,80.95,1,2.3
livro,baixa,133.64,4.43,0,feminino,51,15.14,1,133.64,0,1.0
cosmético,média,129.59,30.59,1,masculino,39,5.24,1,111.41,1,4.7
eletrônico,média,82.3,47.99,0,feminino,49,16.35,0,82.3,0,7.6
livro,alta,71.32,9.25,1,feminino,23,3.56,1,60.19,0,2.9
vestuário,média,105.09,27.83,0,masculino,30,20.91,1,105.09,1,3.6
cosmético,média,177.45,45.46,0,feminino,26,9.6,1,177.45,0,7.0
livro,média,38.04,37.43,0,masculino,38,2.38,1,38.04,0,1.2
eletrônico,alta,26.62,4.04,0,feminino,30,6.64,1,26.62,0,1.0
eletrônico,média,108.24,62.6,0,masculino,43,6.09,1,108.24,1,8.5
alimento,média,102.54,9.45,1,masculino,23,1.19,0,95.12,1,2.9
alimento,baixa,108.67,8.29,1,masculino,35,7.16,1,85.52,1,1.0
vestuário,alta,112.2,1.29,0,masculino,43,3.02,1,112.2,0,1.5
livro,média,88.84,13.32,1,feminino,16,0.43,1,66.84,0,1.0
livro,média,174.49,2.31,0,masculino,60,23.75,1,174.49,0,1.0
alimento,baixa,19.95,5.71,0,masculino,31,8.21,1,19.95,0,3.6
livro,média,58.58,7.62,1,masculino,16,16.76,1,46.92,1,2.6
livro,média,94.84,33.09,0,masculino,36,9.02,1,94.84,0,2.3
eletrônico,média,17.84,41.67,1,feminino,35,3.53,1,12.57,1,4.6
alimento,alta,91.21,7.2,0,outro,34,5.75,1,91.21,1,1.6
cosmético,baixa,183.07,39.14,0,masculino,46,9.01,1,183.07,1,4.9
alimento,média,101.04,38.93,0,feminino,43,25.8,1,101.04,1,4.4
cosmético,alta,111.54,28.93,0,feminino,38,2.34,1,111.54,0,5.5
eletrônico,média,36.99,3.17,0,masculino,40,16.63,1,36.99,1,2.8
vestuário,média,69.18,23.44,1,feminino,33,20.62,1,62.11,1,4.0
livro,média,81.24,58.02,1,feminino,56,8.88,1,58.0,1,4.4
eletrônico,média,84.11,22.95,1,feminino,17,21.42,1,79.5,1,6.0
livro,alta,164.08,8.06,0,feminino,36,4.06,1,164.08,1,1.0
vestuário,média,127.88,13.89,0,masculino,35,24.46,1,127.88,0,3.6
vestuário,alta,44.43,20.75,0,feminino,44,9.71,0,44.43,1,4.5
eletrônico,média,112.33,14.29,0,feminino,24,0.34,1,112.33,1,2.8
vestuário,média,124.91,2.56,0,feminino,16,18.99,1,124.91,1,3.2
cosmético,baixa,157.01,7.48,1,feminino,36,5.3,1,140.65,0,1.7
vestuário,média,179.03,32.43,0,masculino,38,4.93,0,179.03,0,4.3
livro,média,49.25,39.53,0,outro,52,6.69,1,49.25,0,5.0
livro,alta,59.46,2.95,0,feminino,19,1.29,0,59.46,1,5.6
livro,média,37.12,60.89,0,masculino,48,5.07,0,37.12,1,8.6
livro,alta,88.3,7.97,0,masculino,63,14.23,1,88.3,1,2.3
cosmético,baixa,123.32,21.71,1,feminino,30,0.12,1,114.08,1,1.8
alimento,alta,149.37,27.87,0,masculino,19,2.55,1,149.37,1,4.5
eletrônico,alta,96.2,33.42,1,masculino,30,0.02,1,71.79,0,4.1
livro,alta,84.01,58.28,0,masculino,35,4.3,0,84.01,1,7.6
vestuário,alta,107.59,7.51,0,masculino,41,10.42,1,107.59,1,2.0
livro,alta,58.24,39.11,0,masculino,27,12.83,1,58.24,1,2.7
vestuário,média,204.48,2.82,1,masculino,53,23.23,1,154.98,0,1.4
vestuário,baixa,19.62,24.42,1,masculino,21,7.5,1,17.22,1,2.2
livro,baixa,109.24,27.09,0,feminino,16,2.35,1,109.24,1,3.4
cosmético,alta,201.18,22.65,0,feminino,48,20.63,1,201.18,1,2.0
vestuário,média,100.34,5.82,0,masculino,16,11.94,0,100.34,1,1.6
vestuário,alta,90.5,41.28,0,masculino,32,6.83,0,90.5,0,6.3
livro,média,82.13,3.7,1,feminino,72,9.52,1,74.89,1,1.0
vestuário,baixa,90.98,1.1,0,masculino,34,20.65,1,90.98,1,1.0
vestuário,baixa,168.64,25.28,0,masculino,21,9.97,1,168.64,0,3.8
livro,média,-10.59,12.91,0,masculino,34,3.68,1,-10.59,1,2.8
livro,média,176.67,37.82,0,feminino,34,9.99,1,176.67,1,2.6
eletrônico,média,28.8,9.67,0,feminino,36,0.33,1,28.8,1,3.4
cosmético,média,86.67,3.69,0,feminino,42,3.91,1,86.67,0,3.3
cosmético,baixa,78.54,36.21,1,feminino,22,4.17,1,56.72,1,5.5
vestuário,média,129.43,15.92,1,feminino,55,1.46,1,122.33,0,2.7
cosmético,média,20.09,4.19,0,masculino,37,0.19,1,20.09,0,2.4
vestuário,alta,123.11,25.49,1,feminino,43,1.15,1,105.12,1,4.2
eletrônico,média,201.22,14.31,0,masculino,27,8.5,1,201.22,1,4.6
livro,média,31.84,18.54,0,feminino,50,12.97,1,31.84,1,1.0
livro,baixa,109.49,12.36,0,feminino,31,35.52,1,109.49,1,1.0
livro,baixa,66.9,35.29,0,feminino,38,3.4,1,66.9,1,5.5
cosmético,média,121.29,35.39,0,masculino,23,7.32,1,121.29,1,2.3
eletrônico,média,100.96,24.72,0,masculino,23,22.14,1,100.96,0,5.1
cosmético,média,67.93,2.23,0,feminino,43,1.46,1,67.93,1,1.0
cosmético,média,124.39,36.51,1,feminino,29,10.12,1,87.55,0,3.2
eletrônico,média,190.22,22.23,0,feminino,24,11.25,1,190.22,1,4.7
eletrônico,alta,90.45,23.88,0,masculino,27,0.75,1,90.45,1,4.7
eletrônico,alta,135.99,9.02,0,feminino,43,15.8,1,135.99,0,6.1
eletrônico,baixa,35.34,42.29,0,feminino,27,13.42,1,35.34,0,5.3
livro,média,52.18,25.85,0,feminino,33,0.27,1,52.18,0,5.2
alimento,baixa,123.62,2.39,1,feminino,35,0.76,1,90.23,1,2.3
alimento,média,174.21,10.48,0,feminino,16,0.4,1,174.21,1,1.6
eletrônico,alta,117.78,43.5,0,feminino,17,3.26,0,117.78,0,7.5
alimento,baixa,84.35,0.97,0,feminino,39,5.7,1,84.35,1,2.4
alimento,média,99.96,65.1,0,outro,26,6.08,1,99.96,0,8.1
eletrônico,média,37.48,22.74,0,masculino,47,2.49,1,37.48,1,4.7
alimento,alta,130.23,19.96,0,masculino,46,19.41,1,130.23,1,2.6
cosmético,média,144.12,6.31,0,feminino,43,3.67,1,144.12,1,1.0
vestuário,baixa,77.4,5.72,0,feminino,56,0.37,1,77.4,0,2.7
vestuário,média,76.5,56.97,0,feminino,34,2.86,1,76.5,0,6.4
eletrônico,média,113.29,7.08,1,feminino,42,6.06,1,89.71,1,2.6
livro,baixa,78.16,29.88,0,masculino,27,4.2,0,78.16,0,3.9
eletrônico,média,96.69,9.99,1,feminino,64,2.56,1,88.94,0,3.4
livro,baixa,204.99,3.0,1,feminino,58,1.13,1,178.03,0,1.0
vestuário,baixa,87.65,0.22,0,masculino,35,13.68,1,87.65,0,3.0
eletrônico,média,82.08,15.72,0,masculino,39,44.47,1,82.08,0,3.8
cosmético,baixa,67.62,74.41,0,feminino,51,3.2,1,67.62,0,8.1
alimento,média,137.21,9.21,0,masculino,33,3.85,1,137.21,0,3.1
livro,média,90.94,8.84,0,feminino,27,7.7,1,90.94,0,1.7
alimento,alta,67.53,8.43,1,masculino,45,10.14,1,61.0,1,3.5
alimento,média,166.07,14.7,1,feminino,35,3.98,1,138.88,1,3.8
eletrônico,baixa,170.98,11.62,0,feminino,37,18.83,1,170.98,1,4.2
alimento,baixa,69.98,42.39,0,feminino,24,6.57,1,69.98,0,7.8
cosmético,média,6.67,14.09,0,masculino,16,4.79,1,6.67,0,3.7
alimento,alta,150.38,14.18,1,feminino,37,8.32,1,122.51,1,2.7
eletrônico,baixa,65.77,2.98,0,masculino,45,24.43,1,65.77,0,1.0
cosmético,alta,139.53,81.19,0,masculino,32,12.66,1,139.53,0,11.6
vestuário,baixa,1.49,5.75,1,outro,52,0.33,1,1.26,0,1.2
alimento,média,144.63,1.52,0,feminino,26,3.23,1,144.63,1,1.0
eletrônico,alta,39.44,21.76,1,feminino,22,5.09,0,30.62,1,1.6
vestuário,alta,136.54,18.1,0,masculino,34,3.02,0,136.54,0,3.3
vestuário,alta,100.71,10.73,0,masculino,34,9.64,1,100.71,1,2.3
livro,alta,52.3,10.97,1,masculino,44,14.0,1,36.94,0,1.0
cosmético,média,79.65,30.75,0,feminino,25,10.51,1,79.65,1,4.8
alimento,alta,134.32,4.36,0,feminino,51,36.33,1,134.32,1,1.2
eletrônico,baixa,105.29,34.32,0,feminino,58,2.55,1,105.29,0,9.5
livro,alta,129.22,20.92,0,feminino,34,16.63,1,129.22,0,1.7
cosmético,média,198.82,10.86,0,masculino,49,11.64,1,198.82,0,1.4
livro,alta,21.79,12.25,0,masculino,22,3.6,1,21.79,0,1.0
cosmético,média,180.86,5.93,0,masculino,47,10.6,1,180.86,1,3.5
cosmético,média,105.22,27.9,0,masculino,47,0.88,1,105.22,0,3.2
alimento,média,55.06,14.38,1,masculino,45,12.46,1,44.56,0,1.9
cosmético,alta,33.48,7.74,1,feminino,34,6.08,1,29.72,1,2.8
livro,baixa,90.54,18.13,0,masculino,16,2.77,1,90.54,1,1.0
cosmético,baixa,146.08,109.14,0,feminino,27,8.53,1,146.08,1,12.9
alimento,média,93.62,11.43,0,masculino,27,8.21,1,93.62,0,5.3
alimento,baixa,175.56,50.69,0,outro,23,1.88,0,175.56,1,7.4
livro,alta,27.44,8.46,1,feminino,36,0.25,1,24.79,1,2.3
vestuário,média,99.4,1.13,1,feminino,29,4.55,1,80.96,1,2.4
vestuário,alta,37.38,4.57,0,masculino,25,6.74,1,37.38,0,4.0
cosmético,média,118.18,10.85,0,feminino,22,16.74,1,118.18,1,3.9
eletrônico,baixa,144.34,4.96,0,feminino,26,21.07,0,144.34,0,3.2
cosmético,alta,78.96,0.0,0,masculino,48,6.02,1,78.96,0,2.4
livro,média,-30.21,49.3,0,masculino,27,11.21,1,-30.21,1,4.1
livro,média,109.95,37.14,1,masculino,28,4.63,1,103.59,1,5.4
livro,média,121.84,27.12,1,feminino,29,10.97,1,95.57,1,1.7
livro,alta,120.21,3.67,0,feminino,39,1.83,1,120.21,0,1.0
livro,média,161.79,2.56,0,feminino,40,3.71,1,161.79,1,1.0
alimento,alta,46.45,1.4,1,masculino,16,8.05,1,39.99,1,2.2
vestuário,alta,134.01,25.75,0,masculino,47,0.15,1,134.01,1,2.6
livro,média,159.63,52.85,0,feminino,52,10.25,1,159.63,0,7.5
eletrônico,baixa,11.07,11.26,0,masculino,22,14.44,1,11.07,0,3.7
eletrônico,média,115.98,2.54,1,feminino,23,4.08,1,106.88,0,3.9
eletrônico,baixa,74.79,14.36,0,feminino,29,4.75,1,74.79,1,1.8
eletrônico,baixa,95.92,8.58,0,masculino,25,15.25,1,95.92,1,4.4
alimento,média,117.38,9.39,1,feminino,37,11.96,1,110.67,1,5.6
eletrônico,média,75.64,19.42,1,masculino,16,2.72,0,64.01,0,5.1
livro,alta,66.21,25.37,1,feminino,21,3.13,0,55.72,0,4.2
cosmético,alta,101.71,2.34,0,masculino,53,9.09,1,101.71,0,1.5
eletrônico,alta,45.64,0.72,0,feminino,23,6.63,1,45.64,1,1.3
alimento,média,45.71,103.45,1,masculino,49,1.42,1,39.9,1,13.0
alimento,média,133.97,5.3,1,masculino,39,2.97,1,116.71,1,1.0
eletrônico,média,42.56,1.11,0,feminino,16,18.42,1,42.56,1,1.5
cosmético,alta,133.32,4.21,0,masculino,42,9.32,1,133.32,0,1.0
eletrônico,baixa,123.13,0.79,1,feminino,33,34.13,1,99.49,0,1.0
alimento,alta,13.71,9.95,1,masculino,29,11.65,1,11.83,1,3.5
vestuário,média,66.12,32.43,0,feminino,37,22.77,1,66.12,0,5.0
livro,média,159.71,8.35,0,masculino,40,1.95,1,159.71,1,1.4
alimento,alta,50.94,11.75,0,feminino,43,11.81,1,50.94,1,2.9
eletrônico,média,76.78,22.51,0,masculino,49,0.16,1,76.78,0,1.4
livro,alta,123.1,14.22,0,masculino,39,8.89,1,123.1,0,1.4
eletrônico,alta,139.17,39.53,0,masculino,18,5.07,1,139.17,0,4.9
eletrônico,média,87.42,40.2,0,feminino,29,3.41,1,87.42,1,5.0
vestuário,média,70.12,0.2,0,masculino,70,15.87,1,70.12,1,1.9
livro,média,171.12,30.11,0,feminino,43,15.41,1,171.12,0,2.2
livro,alta,186.94,12.35,1,feminino,63,0.18,1,147.71,1,1.0
vestuário,média,148.94,89.91,0,masculino,51,7.52,1,148.94,0,6.9
alimento,média,104.27,13.2,0,feminino,37,3.67,1,104.27,1,2.4
eletrônico,média,59.59,86.7,1,masculino,38,4.3,1,54.09,1,9.0
cosmético,alta,58.48,28.09,0,masculino,34,14.27,1,58.48,0,3.9
eletrônico,baixa,126.13,5.72,1,feminino,16,2.97,1,93.57,1,1.1
eletrônico,alta,120.92,15.46,1,feminino,35,22.92,1,88.25,1,3.7
alimento,alta,170.08,96.91,0,feminino,49,1.58,0,170.08,1,11.0
eletrônico,baixa,132.52,38.97,1,masculino,27,8.69,1,97.38,1,8.4
vestuário,média,24.85,2.05,0,masculino,39,8.92,1,24.85,1,2.0
vestuário,alta,152.6,24.51,0,masculino,45,2.32,1,152.6,1,1.0
livro,baixa,50.1,8.48,0,feminino,24,3.14,1,50.1,0,1.0
cosmético,alta,80.8,0.14,0,feminino,29,14.4,1,80.8,1,1.1
eletrônico,média,112.51,10.33,1,feminino,22,11.48,1,104.93,1,1.6
eletrônico,média,199.78,5.35,0,masculino,25,3.19,1,199.78,1,1.0
alimento,alta,255.5,34.17,0,masculino,19,6.11,1,255.5,0,6.9
vestuário,média,130.34,8.23,0,masculino,24,0.51,1,130.34,1,2.9
cosmético,média,90.84,35.15,0,masculino,52,1.87,1,90.84,0,5.3
livro,média,126.73,0.01,0,masculino,24,5.32,1,126.73,0,1.0
vestuário,média,144.38,7.36,0,feminino,36,0.72,1,144.38,0,2.4
livro,baixa,83.97,5.52,1,feminino,28,14.83,0,63.52,0,1.0
alimento,média,189.76,5.32,0,feminino,49,10.13,0,189.76,1,2.3
alimento,alta,111.5,1.41,1,masculino,50,23.01,1,87.17,1,1.0
eletrônico,média,124.89,4.14,0,masculino,45,9.46,0,124.89,1,4.7
cosmético,média,133.3,16.22,1,feminino,38,22.56,1,95.57,0,1.0
livro,média,121.08,6.89,1,masculino,32,6.47,1,88.5,0,3.0
vestuário,alta,141.95,10.8,0,feminino,20,7.33,1,141.95,1,2.1
alimento,baixa,69.14,9.46,0,feminino,58,30.17,1,69.14,0,1.7
eletrônico,alta,72.08,41.73,1,masculino,25,8.22,1,67.08,0,6.4
eletrônico,média,44.99,47.14,0,feminino,42,0.25,1,44.99,0,7.8
livro,média,121.98,13.58,1,masculino,47,10.29,1,113.01,0,3.9
alimento,baixa,138.95,8.01,0,feminino,28,18.87,1,138.95,1,2.8
cosmético,baixa,122.89,2.26,0,feminino,47,12.7,1,122.89,1,1.0
alimento,média,183.72,61.32,0,masculino,44,7.01,1,183.72,1,7.7
livro,média,99.72,1.24,1,masculino,55,8.9,1,80.73,0,3.3
livro,alta,133.44,7.07,0,feminino,29,37.0,1,133.44,0,3.2
alimento,média,45.41,7.08,1,feminino,19,0.76,1,37.93,0,3.6
livro,média,80.65,7.73,1,masculino,28,8.8,1,57.07,1,2.5
alimento,média,134.78,3.59,0,feminino,37,2.67,1,134.78,0,2.9
vestuário,alta,142.46,30.57,0,masculino,35,8.18,1,142.46,0,5.8
alimento,baixa,85.3,2.61,1,masculino,30,7.48,1,72.08,1,1.1
alimento,baixa,96.42,20.15,0,masculino,16,1.33,1,96.42,1,1.5
livro,baixa,24.11,2.64,1,masculino,40,1.85,1,19.96,1,1.0
livro,alta,82.15,1.46,0,masculino,58,7.78,1,82.15,1,1.0
eletrônico,média,144.52,48.03,0,outro,40,1.1,1,144.52,0,5.2
eletrônico,média,128.76,4.22,1,masculino,42,2.47,1,120.08,1,1.3
vestuário,alta,125.03,34.44,0,masculino,41,14.43,1,125.03,0,8.2
eletrônico,alta,102.49,15.73,0,masculino,39,3.17,1,102.49,0,3.8
alimento,média,100.35,1.62,0,feminino,46,5.36,1,100.35,0,2.2
livro,alta,66.98,62.22,0,feminino,39,22.66,1,66.98,1,4.9
eletrônico,média,134.94,5.67,0,masculino,31,2.06,1,134.94,0,1.0
eletrônico,baixa,121.05,39.27,1,masculino,25,3.95,1,88.11,1,4.7
vestuário,média,124.6,3.7,0,masculino,32,7.46,1,124.6,1,3.5
vestuário,baixa,73.7,38.48,0,masculino,38,11.26,1,73.7,0,5.3
alimento,média,-7.67,0.27,0,masculino,31,18.55,1,-7.67,1,2.4
livro,alta,154.86,14.34,0,masculino,38,19.77,1,154.86,1,3.0
vestuário,baixa,76.06,29.35,0,masculino,40,11.99,1,76.06,1,3.0
eletrônico,baixa,56.86,54.6,1,feminino,44,2.07,1,41.73,1,9.5
livro,média,134.67,47.98,1,masculino,50,0.2,1,96.76,0,4.3
livro,alta,80.4,34.25,0,feminino,35,3.87,1,80.4,1,6.0
eletrônico,média,153.0,43.82,0,feminino,19,1.22,1,153.0,0,7.0
vestuário,média,130.85,4.44,0,feminino,30,9.91,1,130.85,0,1.0
eletrônico,baixa,134.18,6.69,0,masculino,35,8.66,1,134.18,1,1.5
livro,baixa,31.7,6.82,0,masculino,16,0.36,1,31.7,1,1.0
cosmético,alta,160.6,9.47,0,masculino,51,14.49,1,160.6,1,3.7
cosmético,alta,113.06,10.0,0,feminino,36,2.29,1,113.06,0,2.0
alimento,baixa,81.54,15.73,0,masculino,39,4.53,0,81.54,0,1.0
eletrônico,alta,107.17,3.48,0,feminino,51,8.82,1,107.17,0,2.9
eletrônico,média,11.19,23.5,1,feminino,27,4.49,1,9.93,1,3.5
alimento,alta,120.43,3.67,0,masculino,41,4.66,0,120.43,1,1.0
alimento,média,48.53,7.43,0,feminino,33,0.54,1,48.53,0,4.8
alimento,média,32.37,14.0,0,masculino,32,4.11,0,32.37,0,3.1
livro,média,23.88,31.84,0,masculino,25,11.58,1,23.88,1,3.2
eletrônico,média,155.63,26.9,1,masculino,54,19.74,1,127.69,1,4.1
livro,baixa,68.54,20.74,0,masculino,30,4.27,1,68.54,1,1.0
alimento,baixa,176.69,3.39,0,feminino,43,4.41,1,176.69,0,1.0
eletrônico,média,73.21,15.84,0,masculino,16,9.7,1,73.21,1,5.5
livro,alta,14.63,1.83,1,masculino,49,22.89,1,13.87,1,1.0
livro,média,44.17,9.48,0,feminino,47,2.49,1,44.17,0,1.5
alimento,média,161.79,10.67,0,feminino,36,4.64,1,161.79,0,1.0
eletrônico,alta,92.21,0.81,0,masculino,32,12.72,1,92.21,0,1.0
alimento,baixa,72.59,6.4,0,feminino,39,7.53,1,72.59,0,3.1
eletrônico,média,108.0,62.31,0,feminino,62,0.94,1,108.0,1,8.8
cosmético,média,125.09,61.42,0,masculino,16,7.91,1,125.09,0,9.8
vestuário,alta,155.87,8.69,0,masculino,44,1.65,1,155.87,1,3.9
vestuário,baixa,172.42,0.88,1,masculino,24,5.71,1,121.73,1,1.0
vestuário,média,82.01,3.95,0,feminino,34,6.02,1,82.01,1,2.1
alimento,alta,33.7,9.96,0,feminino,32,16.71,1,33.7,0,2.0
cosmético,alta,79.33,59.05,0,feminino,29,4.97,1,79.33,1,10.0
eletrônico,média,113.01,3.04,1,feminino,34,2.62,1,102.4,1,4.0
livro,média,51.81,28.84,0,masculino,21,2.1,1,51.81,0,3.6
eletrônico,média,52.14,2.3,1,masculino,47,16.59,1,37.95,0,2.5
livro,alta,117.19,79.54,0,masculino,16,1.5,1,117.19,0,10.6
eletrônico,média,97.57,9.61,0,feminino,41,4.44,1,97.57,1,3.8
cosmético,baixa,101.64,29.85,0,feminino,31,1.66,1,101.64,0,6.3
livro,alta,62.08,8.39,0,masculino,20,11.87,1,62.08,0,1.0
alimento,média,88.48,19.76,1,feminino,37,5.15,0,83.17,0,4.2
eletrônico,média,53.79,4.26,1,masculino,16,3.46,1,40.97,1,1.7
eletrônico,média,144.51,3.16,0,masculino,35,3.58,1,144.51,0,5.0
livro,média,151.76,55.63,0,masculino,17,15.3,1,151.76,0,8.4
alimento,média,7.69,49.93,1,masculino,40,6.46,0,7.12,0,6.5
alimento,média,53.52,43.69,0,masculino,23,10.12,1,53.52,1,8.2
cosmético,baixa,25.17,19.64,0,masculino,29,18.19,1,25.17,1,5.6
alimento,média,67.5,33.03,0,masculino,38,18.56,0,67.5,0,4.9
alimento,alta,95.83,1.43,0,masculino,25,3.19,1,95.83,0,5.4
alimento,baixa,27.52,8.15,0,feminino,34,24.37,1,27.52,0,2.3
vestuário,alta,53.91,7.53,0,masculino,16,0.2,1,53.91,0,1.4
cosmético,média,49.8,20.19,0,outro,42,3.78,1,49.8,0,4.3
eletrônico,alta,110.36,8.8,0,masculino,56,18.09,1,110.36,1,2.3
livro,alta,103.47,3.22,0,masculino,68,2.57,1,103.47,1,1.0
eletrônico,média,63.91,18.15,0,masculino,36,2.55,1,63.91,0,5.9
cosmético,alta,108.84,33.68,1,masculino,44,2.88,1,80.86,1,4.4
livro,alta,72.67,9.63,0,feminino,16,7.58,1,72.67,1,1.0
cosmético,média,86.42,2.84,0,masculino,53,4.61,1,86.42,0,1.8
alimento,média,183.67,4.38,1,feminino,44,10.38,1,140.98,1,1.0
livro,média,167.02,5.42,1,feminino,29,18.02,1,149.92,1,2.3
alimento,alta,35.02,7.13,0,feminino,49,8.97,1,35.02,1,3.3
eletrônico,alta,141.49,20.59,0,feminino,31,1.83,1,141.49,0,6.3
eletrônico,alta,140.57,18.37,1,feminino,29,21.59,1,101.97,1,5.2
livro,média,42.59,23.82,1,masculino,40,2.46,1,37.22,1,4.5
livro,alta,140.94,9.0,1,feminino,22,1.3,1,116.27,1,1.0
cosmético,baixa,176.9,34.75,1,masculino,47,0.75,1,149.38,1,5.7
cosmético,média,43.87,4.57,0,masculino,22,6.63,1,43.87,1,4.4
alimento,baixa,54.12,12.66,0,masculino,22,0.97,1,54.12,1,1.7
livro,média,150.88,32.28,0,feminino,24,1.2,1,150.88,1,6.4
eletrônico,média,113.57,3.97,0,feminino,44,2.85,1,113.57,1,1.6
cosmético,média,127.57,2.33,0,masculino,27,2.65,1,127.57,1,1.0
cosmético,média,117.03,43.03,0,feminino,18,7.42,1,117.03,1,5.7
eletrônico,média,119.53,8.4,0,masculino,27,13.58,1,119.53,1,3.9
cosmético,média,33.68,23.03,1,masculino,34,11.46,1,27.21,0,4.7
alimento,média,152.37,0.51,0,masculino,20,2.44,1,152.37,0,1.0
livro,média,158.48,23.43,0,masculino,21,2.25,1,158.48,1,3.5
eletrônico,média,88.53,7.6,0,masculino,60,27.0,1,88.53,1,1.7
livro,baixa,97.83,1.15,0,feminino,24,0.07,1,97.83,0,1.0
cosmético,média,23.44,18.82,1,feminino,31,16.94,1,19.63,1,1.5
cosmético,média,125.71,5.51,0,masculino,30,1.78,1,125.71,0,1.0
eletrônico,média,128.6,9.78,1,feminino,29,23.54,0,119.93,1,3.8
alimento,média,96.89,1.68,0,feminino,42,3.35,1,96.89,0,3.4
vestuário,média,156.22,3.18,0,feminino,46,4.64,1,156.22,0,1.0
eletrônico,alta,83.3,7.08,0,feminino,31,9.82,1,83.3,0,3.2
vestuário,média,128.23,1.88,0,masculino,20,7.09,1,128.23,0,1.0
vestuário,média,49.02,48.34,1,feminino,50,3.06,1,46.41,1,6.8
alimento,baixa,98.82,0.12,0,feminino,33,6.46,1,98.82,1,1.0
vestuário,média,91.28,13.23,1,masculino,55,10.5,1,85.23,0,1.0
vestuário,média,111.27,2.63,0,masculino,16,0.35,1,111.27,0,2.5
alimento,média,81.52,7.35,1,feminino,37,0.09,1,62.04,1,1.4
vestuário,média,93.43,52.09,0,masculino,58,4.9,1,93.43,0,5.7
vestuário,média,141.3,3.53,1,outro,30,1.13,1,134.08,0,1.0
vestuário,média,78.16,67.53,0,masculino,32,8.73,1,78.16,0,9.2
eletrônico,alta,19.67,4.61,0,feminino,38,1.93,1,19.67,1,3.7
eletrônico,alta,187.48,27.06,0,masculino,28,4.54,1,187.48,1,4.7
eletrônico,alta,169.07,15.82,1,feminino,31,1.76,0,133.15,1,1.3
alimento,alta,35.39,43.17,0,feminino,30,6.36,1,35.39,1,7.6
cosmético,baixa,134.49,16.15,0,masculino,27,0.99,0,134.49,0,1.6
vestuário,baixa,74.85,15.3,1,feminino,49,0.19,1,62.2,1,1.8
vestuário,baixa,113.17,4.35,0,masculino,40,0.42,1,113.17,0,4.9
alimento,média,114.71,3.64,0,masculino,38,24.68,1,114.71,1,1.0
vestuário,alta,88.28,49.66,0,masculino,44,1.23,1,88.28,0,7.1
eletrônico,média,60.81,7.95,0,feminino,31,9.86,1,60.81,0,3.6
cosmético,alta,65.47,9.31,1,masculino,25,0.56,1,58.29,1,2.5
livro,baixa,54.19,28.53,1,masculino,27,0.92,1,48.41,1,3.8
vestuário,alta,58.41,8.27,0,masculino,35,5.69,1,58.41,1,2.4
eletrônico,média,96.64,60.76,1,feminino,22,5.0,1,76.01,0,8.5
livro,baixa,64.21,26.78,0,feminino,28,24.22,0,64.21,1,3.1
cosmético,média,134.1,18.2,0,masculino,28,23.18,0,134.1,0,5.1
livro,média,174.36,42.56,0,masculino,60,12.1,1,174.36,1,2.8
eletrônico,média,71.0,1.02,0,feminino,16,7.37,1,71.0,0,3.6
livro,média,111.97,5.94,0,masculino,32,4.86,1,111.97,1,2.3
alimento,alta,124.98,12.51,1,feminino,55,3.52,1,91.3,1,3.8
livro,média,123.6,5.15,1,feminino,36,23.51,1,114.95,1,2.7
vestuário,média,103.8,27.24,0,feminino,44,7.39,1,103.8,1,3.6
vestuário,média,137.13,50.32,0,masculino,36,6.92,1,137.13,1,3.2
alimento,alta,124.11,11.02,1,feminino,26,2.11,1,98.41,0,2.5
eletrônico,média,38.12,8.38,1,feminino,16,0.38,1,30.66,1,1.4
vestuário,média,143.46,65.17,1,feminino,37,23.23,1,100.89,1,6.4
cosmético,baixa,144.36,11.77,0,masculino,25,3.01,1,144.36,0,1.0
vestuário,baixa,61.84,13.43,1,masculino,25,4.68,1,52.4,1,1.6
vestuário,média,101.9,8.67,0,masculino,29,0.97,0,101.9,0,1.0
eletrônico,baixa,134.17,48.06,0,feminino,55,14.51,1,134.17,0,3.2
livro,média,89.53,16.83,0,feminino,63,0.22,1,89.53,0,3.2
vestuário,alta,153.65,28.72,0,masculino,37,14.37,1,153.65,0,7.2
alimento,baixa,218.19,33.41,0,masculino,29,1.21,1,218.19,0,5.8
livro,média,60.7,8.37,0,masculino,20,17.41,1,60.7,1,1.0
cosmético,média,30.95,11.37,0,feminino,40,10.47,1,30.95,1,2.1
eletrônico,alta,115.19,37.74,1,feminino,56,1.44,1,100.6,0,5.1
cosmético,média,136.08,9.03,0,masculino,32,6.67,1,136.08,0,2.0
livro,alta,88.46,31.59,0,masculino,16,3.0,1,88.46,0,3.6
livro,média,172.66,56.6,0,masculino,43,1.57,1,172.66,0,4.9
livro,baixa,33.07,19.52,1,feminino,46,15.68,1,28.34,0,5.0
cosmético,média,134.65,27.07,0,feminino,16,4.13,1,134.65,1,1.5
livro,alta,69.71,32.71,0,feminino,37,4.07,1,69.71,0,4.8
cosmético,média,185.97,37.29,0,masculino,40,1.49,1,185.97,1,4.6
livro,alta,199.63,10.05,1,feminino,34,3.86,1,182.5,1,4.4
alimento,alta,61.67,1.05,1,masculino,25,16.42,1,44.02,1,2.1
livro,média,72.52,10.28,0,feminino,47,3.61,1,72.52,0,1.0
cosmético,média,142.98,22.4,0,masculino,30,24.23,1,142.98,0,2.9
vestuário,média,80.64,11.97,1,feminino,17,23.4,1,73.58,0,2.3
livro,média,97.73,27.64,0,feminino,16,1.25,1,97.73,1,1.5
vestuário,alta,101.27,8.83,0,feminino,50,1.56,0,101.27,0,1.0
alimento,alta,4.02,20.14,0,feminino,42,15.88,1,4.02,1,1.0
eletrônico,média,99.31,4.13,0,masculino,36,3.99,1,99.31,0,1.0
alimento,média,65.51,27.68,0,masculino,29,0.04,1,65.51,1,4.4
livro,alta,75.34,15.78,0,feminino,28,2.56,1,75.34,1,2.5
vestuário,média,172.18,4.56,0,masculino,22,7.28,1,172.18,0,1.0
vestuário,alta,37.17,6.9,1,masculino,29,12.85,1,34.44,1,1.5
cosmético,média,140.66,27.61,0,masculino,16,1.15,1,140.66,0,4.6
vestuário,média,86.05,13.18,1,feminino,26,0.94,1,60.6,0,2.1
cosmético,baixa,86.01,4.87,0,masculino,31,20.42,1,86.01,1,1.0
eletrônico,média,139.52,68.39,0,masculino,42,11.13,1,139.52,0,8.2
livro,média,117.0,25.11,0,masculino,34,7.13,1,117.0,1,2.2
cosmético,média,128.53,62.99,1,masculino,44,11.73,1,91.51,1,6.3
eletrônico,baixa,148.41,11.14,1,feminino,51,4.48,1,111.67,0,3.4
vestuário,alta,83.43,12.89,0,outro,47,11.37,1,83.43,1,5.8
vestuário,alta,69.39,45.65,1,feminino,40,3.72,1,51.06,1,4.4
eletrônico,média,45.74,14.89,0,masculino,35,2.24,1,45.74,1,3.0
vestuário,baixa,58.73,24.57,1,feminino,23,10.45,1,49.0,1,3.4
eletrônico,baixa,247.45,5.81,1,feminino,43,4.35,1,173.88,0,1.5
cosmético,média,162.23,11.84,1,masculino,55,31.87,1,122.91,0,3.8
cosmético,média,32.45,2.64,0,feminino,39,3.44,1,32.45,1,1.0
eletrônico,média,33.88,4.61,0,feminino,58,20.38,1,33.88,1,1.7
cosmético,média,124.09,0.02,0,feminino,16,21.62,1,124.09,1,2.2
cosmético,média,127.36,0.8,0,feminino,21,2.22,1,127.36,0,1.0
cosmético,média,127.44,75.69,0,masculino,45,12.8,1,127.44,1,7.3
alimento,média,87.25,5.55,0,masculino,38,4.54,0,87.25,0,2.7
livro,alta,93.73,21.77,0,feminino,50,19.96,1,93.73,1,4.0
vestuário,baixa,116.39,36.54,0,masculino,34,4.78,1,116.39,1,5.0
alimento,média,104.29,16.0,0,masculino,24,10.91,1,104.29,1,1.9
cosmético,média,-10.97,3.32,0,feminino,32,5.03,1,-10.97,1,2.0
eletrônico,média,88.51,26.05,1,feminino,16,2.07,1,77.34,1,4.0
cosmético,alta,57.43,18.34,0,masculino,21,1.78,1,57.43,1,4.0
livro,média,108.76,26.28,0,feminino,46,4.43,1,108.76,0,5.4
cosmético,alta,249.26,29.37,1,feminino,45,11.27,1,200.27,1,1.0
eletrônico,baixa,118.37,74.11,0,feminino,39,7.43,1,118.37,0,9.6
livro,baixa,84.32,17.05,0,masculino,16,9.33,1,84.32,1,1.0
cosmético,alta,146.09,8.36,0,masculino,30,2.65,1,146.09,0,5.5
livro,média,124.13,20.91,0,masculino,20,5.25,0,124.13,0,1.9
vestuário,média,121.0,1.42,1,masculino,49,0.36,1,90.31,0,2.3
vestuário,baixa,130.34,45.54,0,masculino,27,13.61,1,130.34,0,5.5
cosmético,baixa,202.83,2.54,0,masculino,21,36.76,1,202.83,1,1.0
livro,alta,43.46,7.95,0,masculino,35,4.18,1,43.46,0,1.0
eletrônico,baixa,123.68,33.83,0,feminino,27,0.09,1,123.68,0,7.8
cosmético,média,53.68,18.19,1,masculino,52,1.49,1,39.81,1,4.3
vestuário,média,127.78,10.01,0,feminino,26,8.46,1,127.78,0,4.9
vestuário,média,54.07,12.83,0,feminino,18,7.58,1,54.07,0,2.4
cosmético,baixa,79.13,38.56,0,masculino,16,12.4,1,79.13,0,5.3
livro,média,85.25,8.31,0,feminino,34,2.34,1,85.25,0,1.0
vestuário,baixa,148.79,40.75,0,feminino,28,11.54,1,148.79,1,4.6
livro,alta,145.92,1.85,1,masculino,17,9.32,1,137.47,0,1.0
vestuário,média,37.71,29.99,1,feminino,49,3.12,1,28.53,1,4.1
vestuário,média,102.75,37.62,1,masculino,43,6.31,0,96.28,0,3.6
alimento,alta,64.52,4.01,1,feminino,34,1.27,1,60.68,1,2.6
vestuário,média,37.07,11.25,0,masculino,51,4.82,1,37.07,0,2.4
eletrônico,média,89.15,3.62,0,feminino,42,17.04,0,89.15,0,2.8
cosmético,média,84.58,24.52,1,masculino,25,4.37,1,63.66,1,6.0
cosmético,média,221.34,15.33,1,feminino,22,14.64,1,180.97,1,2.5
livro,média,121.65,20.17,1,masculino,44,7.14,1,114.68,1,3.7
vestuário,alta,31.12,4.38,0,feminino,39,1.7,1,31.12,0,4.5
eletrônico,média,71.76,4.76,0,feminino,37,6.96,1,71.76,1,4.4
livro,média,151.07,0.85,1,masculino,24,5.64,1,113.07,1,2.3
alimento,alta,204.42,7.77,1,feminino,42,4.07,1,171.83,1,1.8
livro,média,20.7,16.41,1,masculino,25,1.02,1,16.8,0,2.5
livro,baixa,6.0,39.03,0,feminino,33,4.31,1,6.0,1,2.4
vestuário,média,193.55,21.99,0,feminino,52,0.6,1,193.55,1,3.9
alimento,alta,119.48,11.43,0,feminino,27,0.83,1,119.48,1,3.1
livro,baixa,56.59,61.2,1,feminino,16,4.3,1,45.09,0,6.7
eletrônico,média,126.73,25.41,0,masculino,22,2.92,1,126.73,0,6.1
eletrônico,média,-31.79,53.23,0,masculino,46,20.78,1,-31.79,0,5.5
cosmético,média,100.17,15.0,1,masculino,38,3.77,1,79.61,1,5.0
alimento,baixa,116.39,5.99,0,feminino,33,11.35,0,116.39,1,3.5
alimento,média,146.21,1.09,1,masculino,28,6.04,1,131.69,0,1.5
cosmético,alta,49.31,25.9,0,feminino,40,9.74,1,49.31,0,3.4
livro,média,104.28,2.59,1,feminino,24,2.41,1,85.03,0,1.5
alimento,média,53.73,7.21,0,masculino,38,22.77,1,53.73,1,4.5
eletrônico,alta,112.77,15.21,1,feminino,26,6.04,1,104.33,1,3.7
eletrônico,alta,55.23,16.62,1,masculino,24,14.24,1,47.21,1,3.9
vestuário,média,79.59,18.35,0,masculino,27,3.63,1,79.59,1,2.9
alimento,média,50.21,3.64,0,feminino,30,0.84,1,50.21,0,4.5
livro,baixa,132.56,9.55,0,masculino,34,8.96,1,132.56,0,1.0
cosmético,alta,142.92,19.2,0,masculino,37,0.06,1,142.92,1,2.9
cosmético,alta,88.27,70.01,1,feminino,16,5.16,1,81.91,1,10.2
livro,média,101.91,26.01,0,masculino,25,1.71,1,101.91,0,3.3
vestuário,alta,27.57,51.18,0,outro,30,7.9,1,27.57,1,7.8
cosmético,média,85.02,28.73,0,outro,53,31.07,1,85.02,0,2.5
alimento,média,97.49,17.92,1,masculino,22,4.99,1,71.69,1,3.0
vestuário,baixa,231.04,4.26,1,masculino,36,13.61,1,166.38,1,3.7
alimento,alta,44.4,21.97,0,feminino,52,5.67,1,44.4,1,2.7
eletrônico,baixa,173.21,19.53,0,masculino,19,5.48,1,173.21,1,3.7
vestuário,alta,149.84,18.45,0,masculino,39,21.32,0,149.84,1,3.2
cosmético,alta,114.03,13.46,0,feminino,25,17.66,1,114.03,1,1.0
vestuário,alta,187.93,15.04,0,masculino,28,12.33,1,187.93,0,1.9
vestuário,baixa,118.61,8.14,0,feminino,25,2.81,1,118.61,0,2.0
vestuário,média,119.46,14.65,0,masculino,26,6.3,1,119.46,1,2.5
vestuário,média,97.34,4.4,0,masculino,67,2.03,0,97.34,0,3.4
alimento,média,161.18,32.71,0,masculino,45,4.69,1,161.18,0,7.1
eletrônico,baixa,154.82,4.11,0,outro,48,5.3,1,154.82,1,1.1
livro,alta,68.72,1.78,0,feminino,40,14.25,1,68.72,1,1.0
vestuário,média,34.04,11.46,1,feminino,16,18.11,1,24.73,1,3.2
cosmético,média,89.85,21.48,1,masculino,39,4.28,1,74.2,0,5.4
vestuário,média,60.0,11.51,0,masculino,47,0.14,1,60.0,0,3.2
cosmético,média,96.82,6.48,0,masculino,24,15.83,0,96.82,1,2.1
alimento,média,161.87,16.34,1,feminino,46,1.53,1,117.89,0,4.1
cosmético,média,77.13,8.52,1,feminino,43,7.78,1,70.01,1,2.9
livro,alta,97.86,54.02,0,feminino,57,0.2,1,97.86,1,4.5
eletrônico,média,102.9,51.19,0,masculino,29,4.08,1,102.9,0,7.4
cosmético,alta,142.42,13.96,0,feminino,21,34.13,1,142.42,1,4.6
cosmético,alta,-12.34,7.95,0,masculino,30,0.85,1,-12.34,0,1.5
eletrônico,média,69.66,26.72,0,outro,52,4.41,1,69.66,1,4.9
livro,alta,110.56,0.75,0,masculino,16,2.94,1,110.56,1,1.0
vestuário,baixa,160.0,12.88,0,feminino,16,18.84,1,160.0,1,1.0
cosmético,alta,75.4,8.2,0,masculino,36,16.28,1,75.4,1,1.9
eletrônico,média,6.17,50.65,0,masculino,29,2.17,0,6.17,0,7.5
alimento,alta,130.99,0.24,0,feminino,35,0.68,0,130.99,1,1.0
eletrônico,alta,68.23,16.1,0,masculino,46,7.89,1,68.23,1,1.9
alimento,alta,40.52,26.99,0,masculino,28,3.28,1,40.52,1,2.9
livro,alta,68.78,13.27,0,feminino,16,8.92,0,68.78,0,3.0
vestuário,média,90.77,1.79,1,feminino,59,0.26,1,78.51,1,4.1
eletrônico,baixa,69.76,71.84,0,feminino,23,1.15,1,69.76,0,11.3
cosmético,média,-10.28,14.6,1,masculino,22,9.28,1,-7.44,1,1.0
livro,baixa,144.85,19.05,1,feminino,48,1.91,1,116.42,1,3.7
eletrônico,média,163.74,5.4,0,feminino,30,15.59,1,163.74,0,1.5
cosmético,média,132.58,13.21,0,masculino,34,0.48,1,132.58,1,1.4
eletrônico,alta,43.12,11.21,0,feminino,40,1.94,1,43.12,1,2.4
alimento,média,89.93,1.56,1,masculino,48,52.35,1,83.48,0,2.7
eletrônico,alta,99.67,2.24,1,masculino,30,4.54,1,73.2,1,3.7
eletrônico,baixa,129.94,36.34,1,masculino,53,9.71,1,110.76,0,5.5
eletrônico,alta,133.42,5.48,0,masculino,16,1.61,1,133.42,0,2.4
livro,alta,63.29,4.34,0,feminino,44,7.53,0,63.29,1,1.6
eletrônico,média,104.1,14.06,0,feminino,24,10.36,0,104.1,1,4.3
cosmético,média,122.86,29.28,0,feminino,51,3.02,1,122.86,0,5.7
alimento,alta,172.79,1.28,0,feminino,36,14.12,1,172.79,1,1.0
alimento,baixa,135.23,17.2,0,masculino,26,7.4,1,135.23,0,3.3
eletrônico,média,139.45,2.54,1,feminino,42,3.94,1,112.89,0,1.0
livro,média,104.19,0.74,0,feminino,45,6.53,0,104.19,1,1.0
livro,baixa,170.52,1.08,0,masculino,42,6.88,1,170.52,0,1.0
cosmético,média,120.49,35.94,0,feminino,22,1.45,1,120.49,0,4.5
eletrônico,baixa,56.95,2.51,1,outro,29,4.12,1,48.33,1,1.1
alimento,baixa,170.17,0.92,1,feminino,34,3.37,1,159.96,0,1.0
livro,baixa,134.9,11.52,0,feminino,34,4.1,0,134.9,0,1.0
eletrônico,alta,77.85,37.16,0,masculino,43,11.45,1,77.85,0,5.5
livro,média,76.03,6.09,0,masculino,16,5.27,0,76.03,0,1.0
livro,alta,114.83,10.95,1,masculino,39,22.55,1,84.11,1,1.0
alimento,média,123.16,0.81,0,feminino,31,2.78,1,123.16,0,3.6
vestuário,média,109.86,11.92,0,feminino,24,4.3,0,109.86,1,1.0
cosmético,média,115.57,17.24,0,outro,26,12.37,1,115.57,0,4.8
cosmético,média,185.0,16.92,0,masculino,32,6.32,1,185.0,0,5.1
alimento,baixa,153.58,8.08,1,masculino,16,6.34,1,130.9,1,1.0
livro,média,109.53,7.58,0,feminino,26,0.44,1,109.53,1,1.4
eletrônico,média,147.07,2.25,0,feminino,24,4.07,1,147.07,1,1.6
livro,média,48.37,9.14,0,masculino,41,2.53,1,48.37,1,1.0
alimento,média,119.9,2.1,0,feminino,25,58.53,0,119.9,1,1.0
cosmético,baixa,190.47,29.1,1,feminino,32,2.95,1,145.3,1,5.1
livro,baixa,89.1,67.79,0,feminino,53,17.27,0,89.1,0,10.3
cosmético,alta,57.62,70.18,1,feminino,46,9.02,1,54.02,1,9.4
eletrônico,média,67.4,40.06,1,masculino,45,3.34,1,55.2,1,6.5
cosmético,baixa,45.52,18.37,0,outro,29,6.27,0,45.52,1,2.8
cosmético,alta,60.76,24.14,0,feminino,41,14.69,1,60.76,1,5.9
vestuário,baixa,81.47,6.72,0,masculino,32,17.19,1,81.47,1,4.9
vestuário,média,29.72,19.93,1,masculino,32,1.4,1,25.55,1,2.1
vestuário,alta,100.78,12.16,0,feminino,39,3.32,1,100.78,1,1.0
cosmético,média,145.11,13.16,0,masculino,27,3.27,1,145.11,0,1.0
alimento,baixa,54.61,28.36,0,masculino,52,0.34,1,54.61,0,6.3
cosmético,baixa,175.96,6.62,1,feminino,33,7.3,1,133.85,1,1.6
alimento,média,125.54,7.66,0,masculino,42,15.44,1,125.54,1,2.5
alimento,baixa,151.53,51.71,0,feminino,52,3.84,1,151.53,1,4.0
vestuário,média,67.11,1.16,0,masculino,47,10.78,1,67.11,1,1.0
livro,baixa,142.73,13.3,0,feminino,18,7.9,1,142.73,1,1.4
eletrônico,média,45.4,48.79,1,masculino,40,3.77,1,37.51,0,7.2
vestuário,alta,144.51,18.85,0,masculino,45,1.22,1,144.51,0,2.3
vestuário,alta,108.59,15.81,1,masculino,45,9.88,1,77.2,0,1.0
livro,média,127.66,5.75,0,feminino,21,15.42,1,127.66,0,1.0
eletrônico,média,41.22,8.41,0,feminino,27,9.26,1,41.22,1,4.7
cosmético,média,55.25,38.22,0,masculino,46,0.14,1,55.25,1,5.2
cosmético,média,129.86,16.38,0,feminino,25,1.95,1,129.86,0,3.6
vestuário,média,52.58,14.46,0,feminino,31,0.58,1,52.58,0,1.1
eletrônico,baixa,123.16,2.1,0,outro,53,6.76,1,123.16,0,1.0
vestuário,alta,31.64,0.32,0,masculino,34,11.3,0,31.64,1,1.0
alimento,média,142.41,66.31,0,feminino,26,0.94,0,142.41,1,6.8
vestuário,baixa,38.37,9.46,0,masculino,24,14.58,1,38.37,0,2.5
vestuário,média,127.61,18.49,1,masculino,38,6.49,1,94.87,1,7.8
cosmético,média,131.28,1.66,0,outro,19,9.37,1,131.28,0,2.2
cosmético,alta,65.16,22.98,0,feminino,32,28.44,1,65.16,1,7.4
cosmético,alta,129.1,53.93,0,masculino,38,0.7,1,129.1,1,7.2
alimento,alta,113.02,17.14,1,masculino,50,18.52,1,105.67,0,2.3
cosmético,baixa,73.06,2.7,1,feminino,43,1.08,0,60.49,0,1.8
eletrônico,média,49.57,17.43,0,feminino,26,3.99,0,49.57,1,6.4
livro,média,1.87,29.08,1,masculino,49,15.25,1,1.71,1,6.2
eletrônico,baixa,117.48,10.43,0,feminino,31,18.94,1,117.48,1,2.2
eletrônico,média,21.76,42.38,0,masculino,20,5.65,1,21.76,1,6.6
cosmético,alta,104.77,20.92,1,masculino,32,7.21,1,76.81,1,1.0
livro,baixa,86.83,45.9,1,feminino,52,9.85,1,75.39,1,6.3
livro,média,133.96,19.54,0,masculino,36,14.31,1,133.96,1,4.8
livro,média,84.9,2.81,1,masculino,35,1.04,1,67.96,0,1.0
alimento,baixa,83.53,7.41,0,feminino,54,13.29,1,83.53,1,1.2
cosmético,média,136.59,4.51,1,feminino,17,5.25,1,120.03,0,2.0
livro,alta,116.75,47.9,0,masculino,19,4.79,1,116.75,1,5.9
alimento,alta,115.81,28.58,0,feminino,16,4.41,1,115.81,0,4.5
vestuário,alta,123.46,22.56,0,feminino,39,5.69,1,123.46,0,3.5
vestuário,média,23.22,7.16,0,masculino,36,23.21,1,23.22,1,1.5
alimento,baixa,137.84,4.07,0,feminino,53,6.36,1,137.84,0,3.4
alimento,média,130.62,28.25,0,masculino,37,24.49,1,130.62,0,5.4
cosmético,média,49.17,12.86,0,masculino,30,1.59,1,49.17,1,1.0
cosmético,alta,87.8,5.12,0,feminino,35,10.3,1,87.8,1,1.0
vestuário,baixa,98.03,19.17,0,outro,36,13.38,1,98.03,0,2.5
livro,média,93.28,0.82,0,masculino,16,9.09,1,93.28,0,1.7
vestuário,baixa,116.69,7.9,0,masculino,67,7.47,0,116.69,1,2.0
livro,média,171.57,12.64,1,feminino,41,6.66,1,145.53,0,1.0
livro,alta,154.09,3.2,1,masculino,37,15.78,1,127.18,1,1.2
cosmético,média,34.39,83.54,1,masculino,42,13.79,0,28.09,1,8.9
eletrônico,média,131.1,4.69,0,masculino,43,1.04,1,131.1,0,3.8
eletrônico,média,166.45,2.79,1,feminino,33,15.1,1,156.4,1,2.8
alimento,média,119.34,4.55,0,masculino,27,4.28,1,119.34,0,1.5
cosmético,alta,154.55,29.31,0,masculino,42,2.34,1,154.55,1,4.3
livro,alta,200.61,11.09,0,feminino,39,16.31,1,200.61,1,3.6
eletrônico,alta,151.19,16.67,1,feminino,25,4.53,1,112.35,1,2.8
livro,alta,112.47,0.42,0,feminino,52,13.22,1,112.47,1,1.1
eletrônico,média,152.25,0.7,0,masculino,38,2.45,1,152.25,1,2.0
eletrônico,média,107.24,11.81,0,feminino,43,0.03,1,107.24,0,3.8
eletrônico,média,101.2,33.93,1,masculino,51,5.47,1,73.64,1,4.4
cosmético,média,82.43,43.3,0,masculino,35,0.84,1,82.43,0,5.5
vestuário,alta,178.17,1.81,0,feminino,38,11.23,1,178.17,1,2.8
livro,baixa,59.08,15.46,0,masculino,44,2.58,1,59.08,0,1.0
cosmético,alta,176.62,48.89,0,masculino,26,4.69,1,176.62,0,3.9
cosmético,média,124.99,9.82,0,masculino,35,0.73,1,124.99,1,1.0
cosmético,média,30.03,35.39,0,masculino,36,2.7,1,30.03,1,2.8
cosmético,média,118.38,2.87,1,masculino,23,12.17,1,102.34,0,2.2
cosmético,alta,-5.0,54.79,0,outro,62,1.32,1,-5.0,1,4.4
alimento,média,131.28,27.84,0,masculino,18,8.33,1,131.28,1,3.8
livro,média,144.26,56.72,0,masculino,19,19.95,1,144.26,0,7.1
cosmético,baixa,70.38,22.58,0,masculino,50,9.11,1,70.38,0,3.9
livro,média,106.18,9.03,0,feminino,43,13.33,1,106.18,1,1.0
alimento,baixa,197.71,55.67,0,feminino,22,0.92,1,197.71,1,7.4
alimento,alta,74.71,6.45,0,masculino,42,2.31,1,74.71,1,2.3
livro,média,47.05,8.07,1,feminino,52,18.0,1,39.26,1,1.0
eletrônico,média,174.08,24.13,0,masculino,34,10.05,1,174.08,0,4.1
vestuário,baixa,198.13,28.99,0,masculino,66,8.16,1,198.13,0,7.3
eletrônico,baixa,100.18,53.02,1,masculino,16,8.72,0,86.28,1,8.5
eletrônico,alta,150.57,4.58,0,masculino,43,4.28,1,150.57,1,6.2
eletrônico,baixa,167.07,31.99,1,masculino,48,0.36,1,151.17,0,4.5
cosmético,baixa,62.88,26.83,0,feminino,45,12.28,1,62.88,0,3.6
alimento,baixa,75.73,1.32,0,masculino,32,9.08,1,75.73,0,1.0
eletrônico,alta,161.54,9.8,1,feminino,31,5.12,1,123.83,1,1.8
alimento,alta,184.25,6.65,0,masculino,40,18.4,1,184.25,1,5.0
livro,média,128.14,7.26,0,masculino,44,3.28,1,128.14,1,1.0
vestuário,média,56.01,81.43,1,masculino,42,2.79,1,45.43,1,12.0
livro,média,199.35,20.59,0,feminino,47,16.5,1,199.35,0,1.0
livro,alta,73.45,25.29,0,masculino,22,12.76,1,73.45,0,1.4
cosmético,média,83.24,75.12,0,feminino,32,5.79,1,83.24,0,8.0
vestuário,baixa,117.12,9.47,1,masculino,23,1.12,0,82.3,0,1.9
livro,baixa,177.71,32.37,1,masculino,30,1.94,1,151.21,1,5.1
livro,baixa,142.7,11.4,0,masculino,47,8.54,1,142.7,0,2.3
vestuário,média,120.74,40.73,0,masculino,36,3.89,1,120.74,1,4.4
vestuário,alta,123.16,3.99,1,masculino,66,14.49,1,109.2,1,1.2
livro,média,102.18,59.01,0,masculino,37,23.96,1,102.18,1,5.9
vestuário,baixa,127.91,4.94,0,feminino,35,13.1,1,127.91,1,1.0
livro,baixa,-26.48,7.9,1,masculino,36,3.79,1,-20.07,0,1.0
livro,alta,85.17,28.23,1,feminino,27,12.44,1,62.75,1,4.9
cosmético,média,112.07,10.01,1,masculino,34,3.46,1,84.64,1,1.0
eletrônico,alta,42.45,18.74,0,feminino,48,1.46,1,42.45,0,6.3
livro,média,119.32,11.76,0,feminino,36,0.27,1,119.32,0,1.2
alimento,média,89.78,27.12,0,masculino,25,3.9,1,89.78,0,3.1
eletrônico,média,187.77,5.18,0,masculino,23,18.71,1,187.77,1,3.6
eletrônico,baixa,178.65,1.2,0,feminino,29,2.18,1,178.65,0,4.3
eletrônico,média,76.71,7.13,1,feminino,35,1.85,0,59.89,0,4.4
cosmético,alta,92.46,12.86,0,masculino,49,28.0,1,92.46,0,3.0
livro,média,96.3,3.68,1,masculino,18,0.2,1,78.58,0,2.5
cosmético,média,77.42,8.76,0,feminino,31,12.33,1,77.42,0,1.0
livro,baixa,109.75,10.22,0,masculino,36,3.1,1,109.75,1,1.0
cosmético,alta,62.09,1.18,0,feminino,16,0.31,1,62.09,1,1.0
cosmético,alta,43.47,17.51,0,masculino,24,19.99,1,43.47,1,4.6
alimento,média,131.14,43.14,0,masculino,26,1.2,1,131.14,0,5.2
cosmético,alta,131.48,3.29,1,feminino,25,6.42,1,95.68,0,2.6
vestuário,média,59.78,18.22,1,feminino,37,2.56,0,51.61,1,3.6
alimento,média,144.77,21.86,0,masculino,33,0.54,0,144.77,0,2.4
cosmético,alta,68.42,10.87,0,masculino,28,0.41,1,68.42,1,1.2
eletrônico,alta,112.66,24.15,1,feminino,40,0.98,1,93.95,1,6.4
vestuário,média,141.02,10.58,0,feminino,55,0.59,0,141.02,0,1.0
vestuário,baixa,98.32,14.05,0,masculino,54,11.44,1,98.32,0,2.6
vestuário,média,122.74,0.15,0,feminino,16,5.32,1,122.74,1,1.0
alimento,alta,74.18,23.53,1,feminino,41,3.36,1,58.31,0,3.4
cosmético,média,90.18,21.66,0,feminino,32,4.34,1,90.18,0,3.1
cosmético,média,89.71,0.78,0,feminino,36,21.15,1,89.71,0,1.0
eletrônico,média,62.67,9.19,1,masculino,30,19.33,1,47.33,0,1.5
eletrônico,média,91.16,77.3,0,feminino,36,10.06,1,91.16,1,10.2
vestuário,média,22.57,10.92,0,feminino,36,17.28,1,22.57,1,1.0
eletrônico,alta,75.44,13.94,0,masculino,28,3.08,1,75.44,1,2.2
alimento,média,85.76,48.14,1,masculino,24,3.84,1,77.52,1,4.9
cosmético,baixa,87.19,25.26,0,masculino,29,7.61,1,87.19,1,3.4
vestuário,baixa,87.93,17.45,1,feminino,37,7.82,0,74.54,0,4.2
eletrônico,alta,96.91,31.97,0,masculino,42,5.26,1,96.91,0,7.5
alimento,média,123.97,39.96,0,feminino,45,4.1,0,123.97,0,4.4
alimento,média,143.73,12.21,1,feminino,29,34.25,1,117.42,1,5.9
eletrônico,alta,67.51,12.89,0,feminino,38,13.77,1,67.51,1,1.8
cosmético,alta,39.84,9.76,0,feminino,46,4.57,1,39.84,0,3.6
eletrônico,alta,47.9,68.05,0,outro,48,10.39,0,47.9,1,7.7
vestuário,alta,75.64,23.89,0,masculino,34,2.51,1,75.64,1,2.1
eletrônico,média,82.4,1.74,0,feminino,32,0.84,1,82.4,0,1.1
alimento,alta,61.5,39.75,0,masculino,37,3.48,1,61.5,0,5.4
eletrônico,média,35.19,13.1,0,feminino,21,4.13,1,35.19,1,4.2
cosmético,alta,77.19,1.42,1,masculino,32,0.13,1,57.46,1,2.1
livro,alta,109.07,15.96,0,outro,43,13.49,1,109.07,0,1.0
eletrônico,alta,129.75,10.8,1,feminino,42,3.56,1,116.18,0,1.6
cosmético,média,72.13,42.03,0,feminino,31,6.95,0,72.13,0,3.8
cosmético,baixa,79.35,4.56,0,masculino,37,0.61,0,79.35,0,1.3
alimento,média,53.67,35.03,0,masculino,25,1.54,1,53.67,0,4.7
cosmético,alta,98.43,16.31,0,feminino,43,17.64,1,98.43,1,1.2
cosmético,alta,57.58,1.12,0,masculino,34,7.51,0,57.58,1,1.5
cosmético,baixa,128.66,71.4,1,feminino,31,24.01,1,100.42,1,11.5
cosmético,baixa,10.71,14.37,1,masculino,30,53.48,1,8.34,1,1.7
vestuário,baixa,82.02,6.87,1,feminino,34,3.72,1,73.47,1,1.0
vestuário,alta,115.06,12.68,0,masculino,29,2.84,1,115.06,1,3.1
alimento,alta,109.19,39.02,1,feminino,42,15.64,1,80.75,1,4.6
eletrônico,média,234.65,7.27,0,feminino,30,52.64,1,234.65,0,3.7
cosmético,média,117.49,4.28,0,masculino,54,7.95,1,117.49,0,1.0
eletrônico,alta,49.8,2.76,1,masculino,52,12.68,0,40.64,1,5.0
eletrônico,alta,95.23,7.07,0,masculino,24,12.18,1,95.23,1,3.2
alimento,média,11.19,30.29,0,feminino,35,3.51,0,11.19,1,3.6
cosmético,média,95.97,12.76,0,feminino,27,6.83,1,95.97,1,1.4
cosmético,média,58.35,5.16,0,feminino,31,14.32,1,58.35,0,1.0
livro,média,145.77,3.63,1,feminino,59,9.32,1,114.84,1,2.9
eletrônico,média,72.52,8.09,0,masculino,31,0.17,1,72.52,1,1.0
eletrônico,média,94.16,56.24,1,masculino,39,3.28,1,77.72,1,6.6
vestuário,alta,68.22,8.4,0,masculino,41,1.25,1,68.22,0,1.0
livro,média,186.94,88.66,0,masculino,22,2.12,1,186.94,1,9.3
vestuário,alta,83.94,13.28,0,outro,24,18.87,1,83.94,0,1.9
vestuário,baixa,191.63,3.95,0,feminino,20,0.3,1,191.63,1,1.0
vestuário,média,140.71,44.35,0,masculino,24,1.99,1,140.71,0,4.8
alimento,baixa,124.1,12.34,1,feminino,16,2.96,1,112.14,1,2.6
alimento,média,118.44,24.73,1,feminino,41,7.68,1,89.87,1,3.0
vestuário,alta,119.69,82.35,1,masculino,59,6.11,1,101.58,1,10.3
livro,alta,3.62,1.03,1,masculino,36,1.97,1,2.65,1,2.0
eletrônico,baixa,86.06,2.03,1,masculino,18,1.44,0,70.47,1,2.1
livro,média,142.26,25.49,0,feminino,27,2.16,0,142.26,1,3.4
cosmético,alta,97.56,6.62,1,outro,29,5.59,1,75.2,1,1.0
alimento,média,29.74,4.07,0,feminino,22,2.53,1,29.74,0,1.3
eletrônico,média,97.38,0.8,0,masculino,45,23.59,1,97.38,1,3.6
eletrônico,alta,185.21,0.44,0,masculino,44,4.99,1,185.21,0,1.4
cosmético,média,162.34,29.79,0,feminino,21,0.48,1,162.34,0,2.9
cosmético,baixa,96.9,2.89,0,feminino,43,10.45,1,96.9,0,4.7
vestuário,média,147.57,12.61,1,feminino,53,3.19,1,104.99,0,5.0
alimento,alta,81.67,18.62,0,feminino,57,8.48,1,81.67,1,4.1
alimento,média,14.81,11.18,0,masculino,69,2.62,1,14.81,1,4.3
livro,baixa,53.78,0.55,0,feminino,24,6.77,1,53.78,1,1.0
vestuário,alta,178.14,30.6,0,feminino,68,11.83,0,178.14,1,2.9
vestuário,baixa,86.3,0.21,0,masculino,30,21.05,1,86.3,0,1.0
vestuário,alta,87.83,28.7,0,feminino,27,2.42,1,87.83,0,3.5
vestuário,média,85.01,44.76,0,masculino,38,3.26,1,85.01,0,4.7
alimento,alta,195.21,11.34,0,masculino,28,4.99,1,195.21,0,1.0
alimento,média,181.3,15.34,1,masculino,39,20.96,1,154.88,1,3.6
vestuário,média,210.94,12.96,1,masculino,19,18.53,1,189.65,1,3.1
livro,baixa,92.05,9.86,0,masculino,32,0.75,1,92.05,1,3.9
eletrônico,média,114.78,43.68,0,masculino,50,1.13,0,114.78,1,5.2
eletrônico,alta,24.17,44.87,0,feminino,34,5.47,1,24.17,0,5.2
livro,alta,173.85,8.18,1,masculino,36,0.9,1,141.65,1,1.0
vestuário,média,41.61,19.09,0,masculino,40,3.39,1,41.61,1,2.5
alimento,média,110.84,52.32,0,masculino,49,1.28,1,110.84,1,8.1
eletrônico,alta,45.13,65.43,1,feminino,16,8.09,1,37.16,1,7.6
cosmético,alta,70.56,14.22,0,masculino,42,23.89,1,70.56,0,5.6
cosmético,média,58.14,12.06,0,masculino,31,45.79,1,58.14,1,1.8
livro,média,69.61,6.53,0,feminino,36,3.76,1,69.61,1,1.4
vestuário,média,73.04,63.82,1,feminino,47,7.31,1,68.36,1,5.3
eletrônico,média,72.59,3.08,1,feminino,20,15.52,1,61.54,0,2.7
vestuário,baixa,141.67,17.34,1,feminino,22,1.0,1,132.72,1,1.0
eletrônico,média,44.76,6.64,0,masculino,16,9.36,1,44.76,1,3.7
livro,média,111.03,6.54,0,feminino,28,4.21,1,111.03,0,2.2
livro,alta,160.9,10.38,1,masculino,50,1.85,0,131.39,1,3.6
cosmético,baixa,74.34,134.39,1,masculino,33,4.12,1,68.13,0,12.9
vestuário,média,64.1,1.13,0,masculino,18,0.63,1,64.1,0,1.4
cosmético,média,88.47,17.28,1,feminino,29,9.51,1,64.26,0,3.6
vestuário,média,158.99,1.72,0,masculino,17,2.33,1,158.99,1,1.8
cosmético,baixa,109.71,3.36,0,feminino,21,2.98,1,109.71,1,1.0
alimento,média,73.44,11.58,0,feminino,39,1.03,1,73.44,1,1.0
alimento,média,124.19,14.29,0,masculino,20,16.0,1,124.19,1,3.4
alimento,média,44.89,5.99,1,feminino,48,5.44,1,38.67,1,1.9
alimento,média,134.07,7.61,0,feminino,34,6.79,1,134.07,1,1.4
eletrônico,média,120.43,1.82,0,feminino,36,6.74,1,120.43,1,3.3
alimento,alta,84.61,7.23,1,masculino,31,4.23,1,62.35,0,2.2
livro,média,58.07,67.96,1,feminino,44,1.71,1,46.75,1,5.3
livro,alta,55.67,57.9,0,masculino,44,10.94,1,55.67,0,3.4
eletrônico,média,126.74,8.16,0,feminino,39,1.09,1,126.74,0,1.1
alimento,baixa,161.45,16.92,0,feminino,41,0.88,1,161.45,1,6.8
alimento,baixa,68.13,48.07,0,masculino,32,9.91,0,68.13,0,7.4
alimento,média,122.92,0.12,1,feminino,41,1.87,1,112.92,1,1.8
cosmético,alta,-4.35,33.29,1,feminino,30,2.93,1,-3.96,0,4.1
vestuário,alta,70.77,59.27,0,feminino,35,5.16,0,70.77,0,6.6
cosmético,alta,98.45,1.92,0,masculino,31,4.77,1,98.45,0,2.9
vestuário,média,54.52,3.52,0,masculino,29,9.86,1,54.52,0,1.0
alimento,média,53.17,64.75,1,outro,26,7.81,1,49.69,1,8.8
alimento,baixa,66.61,15.42,0,feminino,40,8.27,1,66.61,0,2.5
cosmético,média,114.61,0.29,0,feminino,50,10.02,1,114.61,1,3.9
cosmético,média,90.63,5.96,0,masculino,49,2.77,1,90.63,1,2.7
vestuário,baixa,-11.91,11.95,0,masculino,19,3.11,1,-11.91,1,4.1
livro,média,-6.04,23.61,0,feminino,50,4.61,1,-6.04,1,2.0
vestuário,média,69.66,26.42,0,feminino,31,2.94,1,69.66,0,5.2
cosmético,alta,122.88,107.73,1,masculino,42,33.56,1,103.61,1,11.3
cosmético,alta,-37.38,6.78,1,feminino,24,13.46,1,-34.45,1,1.8
eletrônico,alta,75.01,15.45,1,feminino,36,1.44,1,63.13,1,6.0
cosmético,média,73.69,15.24,0,masculino,38,0.04,1,73.69,0,1.0
eletrônico,média,169.42,10.41,0,masculino,17,0.35,1,169.42,1,3.3
livro,média,80.75,3.71,0,masculino,42,2.24,1,80.75,1,1.5
vestuário,alta,119.15,75.85,0,feminino,51,0.97,1,119.15,1,9.4
vestuário,baixa,107.06,38.39,1,masculino,32,6.1,1,95.17,1,4.2
eletrônico,média,-6.53,13.8,0,masculino,51,15.62,1,-6.53,1,6.5
vestuário,alta,138.41,18.49,0,feminino,32,10.68,1,138.41,1,1.0
cosmético,média,110.77,5.16,1,masculino,45,1.94,1,90.35,1,3.7
alimento,média,125.41,15.7,1,masculino,16,4.08,1,105.35,1,4.9
eletrônico,média,296.31,23.75,0,masculino,64,5.67,1,296.31,0,7.2
vestuário,baixa,-4.21,14.48,0,feminino,52,13.29,0,-4.21,1,1.0
eletrônico,média,186.23,92.68,0,feminino,31,14.62,1,186.23,0,10.0
eletrônico,média,85.63,18.9,0,masculino,16,19.24,0,85.63,0,6.1
alimento,baixa,114.37,9.27,0,feminino,38,5.69,1,114.37,0,1.0
cosmético,baixa,97.72,29.58,0,feminino,17,9.48,1,97.72,1,1.5
eletrônico,alta,78.79,3.74,1,masculino,40,0.95,1,57.43,0,1.6
vestuário,média,71.51,9.71,0,masculino,39,6.66,1,71.51,0,2.3
livro,média,116.48,8.52,0,masculino,23,2.29,1,116.48,1,3.7
eletrônico,média,24.14,11.31,0,masculino,48,4.52,1,24.14,0,2.9
eletrônico,alta,137.53,30.45,0,feminino,44,8.04,1,137.53,0,4.1
alimento,média,79.19,13.24,1,feminino,46,2.38,0,66.15,1,3.3
cosmético,média,43.5,31.6,0,masculino,35,0.43,1,43.5,1,4.9
livro,alta,77.5,17.18,0,masculino,18,0.08,1,77.5,0,2.9
vestuário,alta,162.86,8.37,0,masculino,46,0.18,1,162.86,1,1.6
livro,baixa,73.23,33.21,1,feminino,31,0.07,1,53.83,1,1.0
vestuário,alta,117.92,5.44,0,masculino,18,0.94,1,117.92,0,1.0
cosmético,média,63.45,5.08,1,feminino,51,2.19,1,52.79,0,3.6
vestuário,média,137.9,14.04,0,masculino,60,2.0,1,137.9,1,2.7
alimento,baixa,134.28,6.05,0,feminino,34,34.62,1,134.28,0,1.6
alimento,baixa,192.43,0.18,0,feminino,60,2.92,1,192.43,0,3.2
alimento,alta,91.22,20.9,1,masculino,36,1.09,1,80.61,1,1.9
alimento,média,133.43,14.31,1,feminino,30,6.31,1,126.19,1,2.6
livro,média,104.9,11.79,0,outro,27,15.61,1,104.9,1,1.9
cosmético,alta,164.79,68.21,0,masculino,54,9.07,1,164.79,0,7.2
vestuário,alta,64.06,16.94,0,feminino,25,2.81,1,64.06,1,2.8
vestuário,baixa,137.25,39.82,0,masculino,43,6.6,0,137.25,1,4.7
alimento,média,90.27,3.0,0,feminino,28,10.04,1,90.27,0,1.0
alimento,baixa,96.79,16.84,1,masculino,29,10.42,1,77.91,1,3.5
eletrônico,alta,104.59,40.5,1,feminino,47,8.79,1,87.74,1,4.1
cosmético,média,112.61,17.5,0,feminino,30,16.37,1,112.61,0,3.0
livro,alta,94.19,25.32,0,feminino,30,16.33,1,94.19,0,5.1
vestuário,baixa,110.74,9.31,1,feminino,48,6.92,1,90.3,1,1.5
eletrônico,baixa,178.91,1.94,1,feminino,54,4.49,1,166.06,1,1.0
eletrônico,média,149.27,12.25,0,masculino,42,8.21,1,149.27,1,3.0
vestuário,média,143.46,10.03,0,feminino,27,13.64,1,143.46,1,1.0
livro,média,77.22,40.36,0,feminino,28,0.05,1,77.22,0,5.4
eletrônico,alta,55.54,5.59,0,feminino,35,38.62,1,55.54,0,2.3
eletrônico,média,147.77,68.06,0,feminino,38,1.62,0,147.77,1,11.4
cosmético,média,143.8,63.47,0,feminino,23,5.08,1,143.8,0,9.1
livro,alta,173.63,5.69,0,feminino,43,16.45,1,173.63,1,1.0
eletrônico,média,69.8,8.56,0,masculino,36,2.04,1,69.8,0,3.9
livro,alta,88.52,45.18,0,masculino,16,5.18,1,88.52,0,4.4
vestuário,baixa,18.03,68.0,0,masculino,23,1.14,1,18.03,0,7.9
alimento,média,80.38,11.72,1,masculino,28,4.02,0,61.68,1,2.1
eletrônico,baixa,149.83,7.74,1,feminino,34,1.56,1,106.17,1,3.9
cosmético,baixa,76.68,14.93,0,masculino,57,3.62,1,76.68,1,4.6
vestuário,alta,132.02,23.28,0,masculino,37,3.74,1,132.02,1,4.5
livro,baixa,90.47,6.39,1,outro,24,39.89,1,82.77,1,2.5
vestuário,média,116.2,26.67,0,masculino,37,42.09,1,116.2,0,5.1
eletrônico,média,42.62,1.06,0,masculino,30,0.98,1,42.62,1,2.9
livro,média,104.26,1.01,0,masculino,38,10.36,1,104.26,1,1.0
alimento,alta,-49.56,9.76,0,masculino,41,0.43,1,-49.56,1,5.0
vestuário,baixa,90.66,8.72,0,feminino,49,0.25,1,90.66,0,4.6
eletrônico,média,18.48,7.59,1,feminino,34,0.89,1,13.07,1,2.4
cosmético,alta,160.3,13.51,0,feminino,54,26.93,1,160.3,1,1.8
livro,média,138.87,7.73,0,masculino,45,22.62,1,138.87,0,2.2
vestuário,alta,123.33,4.27,1,feminino,26,1.72,1,101.71,1,2.3
vestuário,baixa,176.05,7.41,0,masculino,61,1.41,1,176.05,0,1.4
alimento,média,52.55,73.7,0,masculino,38,2.2,1,52.55,0,7.0
alimento,média,187.37,10.59,0,masculino,24,5.8,1,187.37,1,3.0
cosmético,alta,146.61,11.77,0,masculino,54,6.75,1,146.61,1,3.0
cosmético,alta,88.17,17.19,0,masculino,59,2.0,1,88.17,0,3.8
eletrônico,média,156.78,81.9,0,masculino,34,11.31,1,156.78,0,10.7
eletrônico,média,44.69,5.53,0,outro,28,2.96,1,44.69,1,2.1
cosmético,baixa,58.77,22.87,0,masculino,32,20.42,1,58.77,0,4.8
cosmético,média,69.57,25.17,0,masculino,43,8.55,1,69.57,0,3.6
livro,média,73.55,18.7,0,masculino,50,4.59,1,73.55,1,1.7
alimento,alta,47.17,1.85,0,feminino,41,12.48,1,47.17,0,1.4
eletrônico,média,161.15,22.59,0,masculino,36,13.63,1,161.15,0,1.6
alimento,média,87.06,1.32,0,feminino,52,2.75,0,87.06,0,1.4
alimento,baixa,117.63,18.13,1,outro,31,3.32,1,96.82,1,4.3
cosmético,baixa,71.48,26.91,0,masculino,47,21.99,1,71.48,1,4.2
livro,média,8.97,4.74,0,masculino,31,1.44,1,8.97,1,3.3
vestuário,média,113.5,36.86,1,masculino,40,0.34,1,85.02,0,4.3
livro,alta,4.39,0.62,0,feminino,33,4.84,1,4.39,1,1.3
livro,média,96.57,37.13,0,masculino,34,12.92,1,96.57,1,5.4
alimento,média,31.58,12.34,1,masculino,30,11.82,1,23.6,0,6.2
livro,baixa,199.36,4.91,1,masculino,51,20.16,1,168.08,0,1.2
eletrônico,alta,145.57,2.87,0,feminino,26,6.09,1,145.57,1,1.0
alimento,alta,105.29,61.28,0,masculino,26,0.84,1,105.29,0,8.9
eletrônico,baixa,163.19,1.51,0,masculino,60,7.11,1,163.19,1,4.9
vestuário,alta,57.68,4.44,1,feminino,46,12.05,1,43.83,1,1.0
alimento,média,127.17,8.55,0,feminino,16,0.78,1,127.17,1,3.6
vestuário,baixa,109.99,19.36,0,feminino,28,1.52,1,109.99,0,4.8
alimento,média,113.2,15.74,1,masculino,16,0.1,1,101.2,1,4.6
cosmético,média,163.62,2.69,0,feminino,23,7.2,0,163.62,1,1.5
livro,baixa,136.62,6.84,1,feminino,16,17.42,1,121.92,0,1.0
cosmético,alta,114.44,5.46,0,masculino,33,8.89,1,114.44,0,1.4
vestuário,alta,17.26,4.8,0,feminino,21,32.16,1,17.26,1,2.2
livro,média,52.0,10.59,0,masculino,35,0.52,1,52.0,1,2.9
alimento,média,93.86,24.35,1,feminino,16,18.66,1,80.61,1,4.4
livro,média,104.67,4.9,0,masculino,35,13.46,1,104.67,1,1.0
eletrônico,média,43.49,9.14,0,feminino,30,3.02,1,43.49,1,3.7
livro,média,220.58,9.92,0,masculino,53,29.05,1,220.58,1,2.8
eletrônico,baixa,175.82,74.98,1,feminino,51,2.72,1,130.3,1,10.1
livro,média,130.11,61.87,1,masculino,44,17.61,1,99.86,0,5.4
eletrônico,alta,103.6,32.2,0,outro,31,17.01,1,103.6,1,4.9
vestuário,média,89.39,5.53,0,feminino,58,11.34,1,89.39,0,3.0
cosmético,baixa,52.4,1.41,1,masculino,16,6.63,0,43.64,1,1.0
alimento,alta,103.87,7.62,0,feminino,18,1.02,1,103.87,0,1.0
livro,média,112.89,6.21,0,outro,33,6.07,0,112.89,0,3.4
cosmético,média,37.91,14.1,0,masculino,62,3.53,1,37.91,1,3.2
alimento,baixa,116.71,30.08,1,masculino,32,12.57,1,93.72,1,5.4
alimento,média,92.24,39.08,0,feminino,32,11.35,1,92.24,1,3.8
eletrônico,alta,4.61,37.27,0,masculino,17,19.32,1,4.61,1,6.8
vestuário,média,56.98,8.92,0,masculino,46,0.12,1,56.98,0,2.3
vestuário,média,79.32,23.25,0,masculino,46,13.25,1,79.32,0,1.0
cosmético,alta,194.38,7.5,0,masculino,44,22.3,1,194.38,1,3.9
vestuário,alta,127.83,1.26,0,masculino,27,12.46,1,127.83,1,1.4
livro,alta,33.23,24.18,0,masculino,26,1.12,1,33.23,1,2.3
vestuário,média,124.3,0.2,0,feminino,19,0.68,1,124.3,1,1.0
cosmético,média,22.63,10.52,0,feminino,36,0.17,1,22.63,0,1.0
vestuário,alta,154.13,7.99,1,masculino,22,7.93,1,141.64,1,2.7
livro,alta,76.44,23.64,1,feminino,20,7.95,1,64.59,1,3.3
eletrônico,baixa,95.32,29.07,1,feminino,29,34.69,1,85.93,1,4.6
cosmético,baixa,166.29,7.25,0,feminino,29,4.06,1,166.29,1,3.6
eletrônico,média,35.64,33.39,0,masculino,28,3.23,0,35.64,0,3.3
eletrônico,alta,30.14,6.96,0,masculino,40,7.83,1,30.14,1,1.8
eletrônico,média,70.82,11.82,1,feminino,35,13.97,1,53.57,1,1.9
alimento,média,151.92,25.97,1,feminino,31,22.09,1,121.27,1,3.7
alimento,baixa,24.03,23.61,1,feminino,37,13.0,1,22.69,1,4.0
eletrônico,média,-41.61,87.43,0,feminino,23,4.45,1,-41.61,0,11.4
cosmético,alta,77.44,5.1,0,masculino,36,8.06,1,77.44,1,1.0
livro,média,127.59,21.71,0,feminino,36,15.52,1,127.59,0,1.4
livro,alta,160.01,18.82,0,masculino,16,5.4,0,160.01,1,4.9
vestuário,alta,76.84,49.33,0,masculino,46,1.95,1,76.84,0,9.6
cosmético,média,79.43,3.4,1,feminino,24,1.49,1,63.96,1,1.6
alimento,média,157.7,27.87,0,masculino,36,0.0,1,157.7,1,3.2
eletrônico,média,6.51,16.8,0,masculino,48,10.13,1,6.51,0,5.9
vestuário,alta,80.57,6.42,0,feminino,46,0.94,1,80.57,1,1.0
livro,média,109.52,12.87,1,masculino,35,2.24,1,92.07,1,1.3
alimento,média,122.46,8.12,0,outro,30,2.83,1,122.46,1,1.3
alimento,alta,74.51,17.32,0,outro,46,6.57,1,74.51,1,1.5
eletrônico,média,101.72,43.96,1,feminino,43,4.06,1,73.22,1,6.0
livro,alta,-24.42,16.85,0,masculino,27,8.98,0,-24.42,1,1.0
cosmético,média,67.09,19.98,0,masculino,25,0.46,1,67.09,0,3.0
alimento,baixa,122.68,14.63,0,masculino,16,1.06,1,122.68,1,3.0
eletrônico,média,50.89,1.05,0,masculino,36,5.53,1,50.89,1,1.2
cosmético,alta,102.95,5.3,1,masculino,34,3.29,0,95.86,1,1.0
livro,média,122.34,13.55,1,outro,48,2.81,1,114.12,1,1.5
alimento,alta,82.87,7.43,0,masculino,39,0.56,1,82.87,1,3.5
cosmético,alta,108.52,4.01,0,feminino,51,18.09,1,108.52,0,1.2
cosmético,média,51.86,14.03,0,masculino,26,9.42,0,51.86,0,3.6
cosmético,alta,89.67,7.8,0,feminino,48,1.04,0,89.67,1,2.7
alimento,baixa,130.51,5.97,0,feminino,28,0.54,1,130.51,1,3.0
alimento,média,107.85,12.47,0,masculino,44,29.47,1,107.85,0,4.8
vestuário,baixa,70.67,2.86,0,masculino,17,9.14,1,70.67,1,1.0
livro,alta,111.21,52.55,1,feminino,37,4.32,1,99.95,1,5.0
eletrônico,média,135.73,40.45,0,feminino,16,9.68,1,135.73,1,8.7
cosmético,baixa,-2.5,24.59,0,feminino,31,11.3,1,-2.5,0,3.1
vestuário,média,157.95,2.25,0,masculino,40,12.11,1,157.95,1,1.0
eletrônico,média,83.19,29.91,1,masculino,28,5.2,1,68.5,1,4.7
vestuário,baixa,121.27,33.0,0,feminino,22,4.5,1,121.27,0,4.5
alimento,alta,159.86,29.2,0,feminino,45,0.09,1,159.86,0,1.0
cosmético,alta,31.42,2.42,0,masculino,33,20.89,1,31.42,1,3.2
eletrônico,média,64.53,20.65,1,feminino,29,7.4,1,52.53,0,3.0
eletrônico,alta,85.57,35.95,0,masculino,35,1.82,0,85.57,1,6.1
eletrônico,média,60.81,17.22,1,masculino,66,20.17,1,48.57,0,3.4
eletrônico,alta,186.75,20.79,1,masculino,48,19.71,1,159.11,1,2.1
eletrônico,média,57.16,12.26,1,masculino,48,36.21,1,52.61,1,1.6
vestuário,média,72.22,15.05,0,feminino,40,16.58,0,72.22,1,1.1
cosmético,baixa,110.22,0.7,0,masculino,36,48.9,1,110.22,0,2.7
alimento,alta,39.89,20.38,0,masculino,16,2.24,1,39.89,0,3.3
alimento,média,80.22,1.7,1,feminino,26,14.77,1,65.92,1,1.0
alimento,baixa,115.87,11.42,0,feminino,29,13.85,1,115.87,0,1.2
alimento,baixa,83.36,6.92,0,feminino,16,2.1,1,83.36,0,4.0
vestuário,média,95.33,15.77,0,feminino,21,0.83,1,95.33,0,4.8
livro,média,73.53,2.86,0,masculino,16,31.07,1,73.53,0,2.6
cosmético,alta,24.28,23.53,0,feminino,34,2.81,1,24.28,1,4.1
eletrônico,alta,116.08,31.7,0,feminino,44,16.38,1,116.08,0,5.6
livro,baixa,187.75,3.57,0,feminino,48,0.03,1,187.75,0,1.0
alimento,alta,100.92,2.2,1,masculino,39,0.17,1,84.32,1,1.4
livro,baixa,111.26,3.15,0,masculino,23,5.02,1,111.26,1,1.0
cosmético,alta,134.64,41.93,0,feminino,16,2.18,1,134.64,0,2.5
eletrônico,alta,36.53,15.02,0,masculino,16,9.37,1,36.53,1,5.1
eletrônico,média,185.13,12.59,0,feminino,19,6.67,1,185.13,0,2.2
cosmético,alta,110.12,2.26,1,feminino,24,0.65,1,89.16,0,3.0
cosmético,média,181.59,20.97,0,feminino,33,1.42,1,181.59,0,4.4
alimento,média,63.35,40.5,0,feminino,22,3.93,1,63.35,0,6.4
eletrônico,alta,190.9,35.23,0,feminino,39,1.64,1,190.9,0,6.4
livro,média,138.76,19.67,1,masculino,32,12.57,1,104.99,0,1.5
vestuário,média,127.65,1.57,0,feminino,35,4.3,1,127.65,1,3.9
vestuário,média,111.7,2.38,1,feminino,48,0.78,1,95.87,0,1.3
cosmético,alta,87.57,1.01,0,masculino,20,5.3,1,87.57,1,1.6
alimento,média,160.03,5.95,0,masculino,40,0.76,1,160.03,0,1.1
vestuário,baixa,107.02,2.92,0,masculino,34,1.1,1,107.02,0,1.0
eletrônico,alta,1.65,6.02,1,feminino,30,2.19,1,1.52,1,3.3
cosmético,alta,44.14,9.72,0,masculino,45,15.7,1,44.14,0,2.3
livro,baixa,90.71,57.29,1,feminino,45,20.68,1,83.06,1,5.0
cosmético,média,115.5,18.85,0,masculino,23,14.0,1,115.5,0,1.0
livro,baixa,97.17,36.03,0,masculino,32,3.25,1,97.17,1,2.2
cosmético,média,160.95,24.78,0,feminino,38,2.54,1,160.95,1,5.3
cosmético,média,2.44,2.39,1,masculino,31,6.37,1,2.04,0,1.0
cosmético,alta,107.18,26.63,0,feminino,42,10.24,1,107.18,1,3.2
livro,média,9.1,6.43,1,feminino,38,40.13,1,7.35,0,3.3
livro,média,137.99,20.38,1,feminino,56,1.13,1,125.92,1,1.0
cosmético,média,95.28,8.34,1,masculino,16,0.4,1,71.84,1,1.0
vestuário,alta,120.98,121.26,0,feminino,33,9.48,1,120.98,0,12.0
alimento,média,56.81,6.12,0,feminino,24,14.28,1,56.81,1,4.5
alimento,alta,163.97,6.55,1,feminino,42,14.98,1,126.44,0,5.1
alimento,média,152.09,53.38,0,feminino,16,9.08,0,152.09,1,8.0
livro,baixa,129.18,0.5,0,feminino,39,24.64,1,129.18,0,1.7
livro,média,93.52,23.86,0,feminino,27,5.72,1,93.52,1,2.0
vestuário,média,128.99,25.84,0,feminino,26,19.61,1,128.99,0,6.5
alimento,média,64.66,36.2,0,masculino,17,27.49,1,64.66,0,5.5
alimento,baixa,142.78,73.33,0,masculino,29,15.03,1,142.78,1,10.1
cosmético,baixa,182.47,74.27,0,masculino,48,2.97,1,182.47,0,8.3
livro,alta,153.53,1.35,0,masculino,34,1.75,1,153.53,0,1.0
alimento,média,63.52,34.5,0,masculino,42,6.35,1,63.52,0,7.4
vestuário,alta,118.07,20.79,0,masculino,54,4.83,1,118.07,1,3.9
vestuário,média,35.34,20.85,0,feminino,38,16.81,1,35.34,1,5.3
alimento,média,128.62,2.75,0,masculino,28,0.84,1,128.62,0,2.2
livro,média,122.53,21.01,0,feminino,40,2.38,1,122.53,1,1.3
vestuário,média,6.51,80.89,0,masculino,28,11.15,1,6.51,0,8.2
cosmético,média,41.91,48.57,0,masculino,28,0.8,1,41.91,0,6.0
vestuário,média,85.84,11.57,1,masculino,16,3.09,1,70.97,1,1.2
eletrônico,baixa,84.96,0.82,0,masculino,46,3.92,1,84.96,0,1.0
eletrônico,média,39.53,9.0,1,feminino,30,7.8,1,35.94,1,4.7
livro,média,119.45,35.02,0,feminino,37,1.38,1,119.45,1,3.2
alimento,alta,112.57,24.18,0,masculino,22,15.76,0,112.57,1,4.1
livro,alta,90.29,12.3,0,masculino,40,4.75,0,90.29,0,2.2
livro,alta,62.21,1.13,0,masculino,25,19.91,1,62.21,1,1.0
livro,alta,152.44,11.13,0,feminino,33,5.05,1,152.44,1,3.8
livro,média,182.77,12.66,0,feminino,45,2.57,1,182.77,1,1.0
cosmético,média,75.82,52.78,0,feminino,44,1.22,1,75.82,0,6.7
cosmético,alta,69.39,20.49,0,feminino,34,0.03,0,69.39,1,3.4
vestuário,média,124.56,7.47,0,feminino,16,6.08,1,124.56,1,1.7
eletrônico,média,82.1,14.9,1,masculino,70,0.91,0,70.31,0,1.5
livro,baixa,93.03,1.37,0,masculino,55,3.98,1,93.03,0,1.9
vestuário,média,136.98,71.92,0,feminino,43,7.12,1,136.98,1,9.3
eletrônico,média,4.53,8.93,0,feminino,25,2.58,1,4.53,1,1.9
alimento,alta,165.92,13.0,0,feminino,33,1.54,1,165.92,1,3.9
cosmético,média,103.63,8.78,1,feminino,28,11.92,1,81.15,0,2.4
eletrônico,média,79.43,22.95,0,masculino,50,23.47,1,79.43,1,2.4
alimento,alta,95.54,21.71,0,feminino,38,0.85,1,95.54,1,2.4
eletrônico,baixa,98.12,25.13,1,feminino,25,1.35,1,78.99,1,6.2
cosmético,média,13.44,6.24,0,masculino,29,25.75,1,13.44,1,2.1
cosmético,baixa,174.75,7.59,0,feminino,48,0.31,1,174.75,0,1.0
vestuário,alta,102.07,2.68,1,feminino,54,30.4,1,77.62,1,1.0
livro,alta,122.15,21.31,0,masculino,53,0.04,1,122.15,1,1.9
eletrônico,média,147.58,0.81,0,masculino,44,16.55,1,147.58,1,1.4
eletrônico,alta,48.94,18.21,0,masculino,31,2.94,0,48.94,0,2.6
alimento,média,123.67,40.76,0,feminino,16,22.32,1,123.67,0,3.0
cosmético,alta,86.62,44.3,0,masculino,38,3.05,1,86.62,0,7.1
eletrônico,alta,142.34,11.92,1,feminino,34,8.5,1,117.44,1,4.6
cosmético,alta,-6.36,12.3,0,feminino,36,0.67,1,-6.36,0,1.0
eletrônico,baixa,95.05,1.6,1,masculino,35,2.22,1,76.93,0,2.4
vestuário,alta,69.86,22.22,1,feminino,19,11.89,0,64.91,1,1.9
livro,alta,121.61,34.44,0,outro,41,6.02,1,121.61,1,3.6
eletrônico,média,123.5,5.61,0,masculino,42,21.05,1,123.5,1,2.0
cosmético,alta,64.62,10.94,0,masculino,43,4.48,1,64.62,1,1.5
vestuário,média,64.39,36.51,1,feminino,46,16.31,1,52.07,1,7.7
eletrônico,alta,94.47,41.93,1,feminino,42,4.77,1,77.84,1,5.5
alimento,baixa,55.17,5.57,0,masculino,30,31.0,1,55.17,1,1.0
livro,alta,142.1,16.0,0,masculino,34,25.72,1,142.1,0,1.0
eletrônico,média,81.54,4.28,0,masculino,36,3.19,1,81.54,0,4.0
vestuário,baixa,-45.35,2.15,1,outro,36,17.37,1,-31.92,1,1.0
alimento,média,81.26,48.41,0,masculino,46,15.05,1,81.26,0,5.2
vestuário,baixa,48.07,34.35,0,feminino,42,1.89,0,48.07,1,6.6
vestuário,média,18.44,28.55,1,feminino,59,7.83,1,13.61,1,4.2
alimento,média,38.13,1.0,0,masculino,61,0.6,1,38.13,0,1.9
vestuário,média,105.47,37.12,0,feminino,35,14.5,1,105.47,1,7.9
alimento,média,166.43,11.53,0,masculino,16,1.53,1,166.43,1,3.0
eletrônico,média,115.66,8.38,0,feminino,49,0.59,1,115.66,0,1.8
alimento,alta,69.67,15.81,0,masculino,28,4.09,1,69.67,1,2.7
alimento,baixa,122.8,1.92,1,feminino,25,6.88,1,91.12,0,1.0
livro,alta,77.05,28.26,0,feminino,30,15.44,1,77.05,0,5.2
alimento,alta,65.27,17.47,0,masculino,29,29.27,1,65.27,1,4.1
alimento,média,42.28,4.13,0,masculino,42,4.63,1,42.28,1,3.6
eletrônico,média,12.41,4.17,0,masculino,16,0.5,1,12.41,1,4.2
livro,alta,80.5,4.07,0,masculino,22,11.06,1,80.5,1,1.0
cosmético,baixa,107.9,1.17,1,feminino,39,6.66,1,84.85,0,1.0
eletrônico,baixa,95.17,17.72,1,feminino,42,4.75,1,78.81,1,3.7
eletrônico,média,79.2,36.7,0,masculino,42,2.96,0,79.2,1,4.4
cosmético,alta,52.71,0.35,0,feminino,25,5.58,1,52.71,0,1.3
alimento,baixa,130.41,1.0,0,feminino,23,3.31,1,130.41,1,3.3
vestuário,média,34.14,17.01,1,feminino,28,11.32,1,32.08,1,2.4
livro,alta,138.8,34.24,0,masculino,37,6.28,1,138.8,1,4.1
vestuário,alta,49.89,7.91,1,masculino,52,16.75,1,39.8,1,1.7
cosmético,média,62.38,8.6,0,masculino,16,6.27,1,62.38,0,3.1
eletrônico,baixa,26.66,18.14,1,feminino,32,2.18,1,22.77,0,2.8
eletrônico,alta,74.93,6.41,1,masculino,19,15.24,1,62.34,1,1.0
livro,média,148.77,0.54,1,masculino,16,6.52,1,109.02,1,1.3
eletrônico,baixa,125.78,26.58,0,masculino,46,1.85,1,125.78,1,6.1
eletrônico,baixa,148.92,19.65,0,feminino,41,7.81,1,148.92,1,4.6
livro,alta,126.11,17.39,0,masculino,40,3.54,1,126.11,1,1.3
livro,média,44.82,27.07,1,masculino,46,14.88,0,40.8,0,1.5
cosmético,alta,83.46,22.49,0,masculino,29,4.83,1,83.46,1,4.0
eletrônico,alta,60.99,4.61,1,masculino,29,10.37,1,47.01,1,2.7
eletrônico,média,166.53,8.69,1,feminino,61,0.8,1,133.95,1,2.7
cosmético,média,40.16,2.7,0,masculino,32,4.03,1,40.16,1,4.0
alimento,média,144.68,2.78,1,masculino,43,32.71,1,121.34,1,1.0
alimento,média,144.65,22.55,0,feminino,35,13.22,1,144.65,1,6.4
alimento,média,191.48,39.12,0,masculino,16,1.39,1,191.48,0,5.5
cosmético,alta,79.52,65.79,0,masculino,16,2.6,1,79.52,1,4.8
eletrônico,média,135.62,19.8,0,feminino,28,3.2,1,135.62,0,3.7
cosmético,alta,214.08,4.07,1,masculino,47,8.41,1,198.88,1,2.8
cosmético,média,69.12,2.23,0,masculino,44,11.32,1,69.12,0,1.0
alimento,média,23.25,33.52,0,masculino,45,11.08,1,23.25,1,2.6
vestuário,média,6.0,17.29,0,feminino,23,5.7,1,6.0,1,2.5
eletrônico,média,135.64,19.26,1,feminino,54,13.32,1,124.11,1,2.6
alimento,alta,5.84,30.42,0,feminino,23,4.6,1,5.84,1,5.3
vestuário,média,81.38,24.3,1,feminino,37,1.06,0,72.5,1,4.6
vestuário,média,121.87,35.97,0,masculino,34,6.65,1,121.87,1,3.0
livro,baixa,109.26,1.16,0,masculino,32,24.34,0,109.26,0,1.0
eletrônico,média,121.27,27.53,0,feminino,51,12.6,1,121.27,0,5.9
vestuário,média,111.11,38.06,0,feminino,26,6.92,1,111.11,1,3.5
alimento,média,163.94,6.74,1,masculino,18,8.33,1,145.92,1,1.0
livro,alta,52.38,20.46,0,feminino,35,21.34,1,52.38,0,1.0
eletrônico,média,66.15,7.54,1,masculino,30,4.47,1,51.4,0,3.3
cosmético,alta,61.37,63.39,0,masculino,75,3.22,1,61.37,1,7.8
alimento,média,141.51,0.68,0,masculino,43,30.26,1,141.51,0,1.0
vestuário,média,145.02,17.34,1,masculino,30,15.93,1,132.67,0,2.7
vestuário,baixa,122.56,3.64,1,feminino,22,3.12,1,87.47,1,3.7
alimento,média,159.17,24.91,0,feminino,16,4.99,1,159.17,0,2.5
vestuário,média,41.1,3.87,0,masculino,22,4.29,0,41.1,0,1.0
livro,média,183.36,5.37,0,masculino,36,1.29,1,183.36,1,1.7
eletrônico,baixa,176.16,13.64,0,feminino,52,25.33,1,176.16,0,3.2
livro,baixa,136.78,49.26,1,masculino,48,4.14,1,98.08,1,4.4
vestuário,média,189.09,4.76,1,feminino,37,16.66,1,154.91,0,2.5
cosmético,alta,17.17,3.12,0,masculino,31,1.68,1,17.17,0,2.6
eletrônico,média,73.78,28.46,1,feminino,38,6.35,1,63.77,0,1.5
eletrônico,média,63.23,13.89,0,masculino,28,0.19,1,63.23,0,2.4
alimento,baixa,136.07,48.56,0,masculino,55,11.56,1,136.07,1,9.8
alimento,média,47.49,3.17,0,masculino,32,6.96,1,47.49,0,2.7
cosmético,média,137.87,20.77,0,masculino,33,7.86,1,137.87,1,4.1
eletrônico,média,168.53,5.3,0,masculino,16,0.42,1,168.53,1,4.3
cosmético,média,134.76,3.41,0,feminino,32,1.9,1,134.76,1,1.4
alimento,baixa,114.19,23.0,0,masculino,45,0.62,1,114.19,0,5.0
alimento,baixa,50.61,18.01,0,masculino,22,2.73,0,50.61,1,4.4
eletrônico,média,57.66,28.12,1,feminino,25,7.9,1,43.14,1,5.6
livro,baixa,162.48,7.41,0,feminino,44,6.68,1,162.48,1,1.0
vestuário,baixa,138.97,11.88,0,outro,17,7.58,0,138.97,0,2.4
alimento,média,98.05,10.4,1,feminino,47,6.37,1,84.75,1,1.7
alimento,alta,79.1,82.82,1,masculino,28,2.55,1,70.68,1,9.8
livro,média,-1.29,6.91,1,feminino,30,2.24,1,-1.02,0,1.0
livro,média,46.46,6.99,0,feminino,21,1.18,1,46.46,1,1.0
cosmético,média,195.57,8.76,0,feminino,39,15.13,1,195.57,1,1.5
cosmético,alta,35.98,16.63,0,masculino,64,7.67,1,35.98,0,1.2
vestuário,média,109.47,5.82,0,masculino,44,1.65,1,109.47,0,1.0
vestuário,baixa,150.37,49.37,1,masculino,24,1.56,1,131.44,1,5.7
eletrônico,média,37.25,6.18,0,feminino,48,16.51,1,37.25,0,3.2
cosmético,baixa,109.24,45.23,0,feminino,31,10.86,0,109.24,1,6.9
alimento,média,146.9,2.18,0,feminino,51,8.62,1,146.9,0,1.0
cosmético,média,100.62,21.38,0,masculino,44,4.18,1,100.62,0,5.1
alimento,alta,243.42,47.5,1,feminino,16,2.43,1,227.74,0,7.7
livro,média,16.57,3.7,0,feminino,22,31.08,1,16.57,0,1.6
cosmético,alta,152.94,69.05,0,masculino,46,12.77,1,152.94,0,8.1
livro,alta,91.36,12.06,0,feminino,36,2.87,0,91.36,0,2.2
vestuário,baixa,138.6,58.27,0,masculino,22,15.05,1,138.6,1,8.6
vestuário,média,122.07,22.59,0,feminino,27,11.38,1,122.07,0,5.1
eletrônico,média,63.34,7.18,0,feminino,16,2.82,1,63.34,1,4.7
cosmético,média,111.45,4.17,0,feminino,33,4.45,1,111.45,0,1.5
livro,média,7.1,7.24,1,feminino,61,1.65,1,6.48,1,2.1
alimento,alta,130.16,1.95,1,feminino,44,0.94,1,98.74,1,3.7
vestuário,alta,114.91,3.11,1,feminino,61,10.26,1,87.78,1,1.0
vestuário,média,131.93,2.21,1,masculino,45,2.49,1,95.54,1,1.0
alimento,média,152.91,11.0,0,feminino,47,13.72,1,152.91,1,2.6
livro,alta,118.38,31.75,0,masculino,58,43.43,1,118.38,1,5.0
livro,alta,107.4,3.05,0,masculino,39,0.64,1,107.4,1,2.2
cosmético,alta,55.95,2.79,1,feminino,32,5.12,1,43.77,1,1.0
cosmético,baixa,64.39,20.62,1,feminino,47,12.96,1,46.77,1,1.0
eletrônico,média,159.34,4.39,1,masculino,52,12.45,0,149.1,1,2.8
vestuário,baixa,171.82,2.05,0,masculino,29,11.42,0,171.82,1,1.0
cosmético,média,88.09,3.65,1,masculino,26,3.43,1,71.15,1,1.0
livro,baixa,102.3,51.47,0,masculino,36,4.84,1,102.3,1,3.8
alimento,média,54.77,34.46,0,masculino,44,7.23,1,54.77,0,5.4
livro,média,158.64,8.74,0,feminino,44,29.18,1,158.64,0,3.4
vestuário,baixa,133.27,21.33,0,masculino,17,3.17,1,133.27,0,3.2
livro,média,197.06,15.41,0,masculino,57,20.53,1,197.06,0,2.4
eletrônico,média,56.08,22.61,0,masculino,27,2.51,1,56.08,0,6.0
vestuário,média,81.1,22.96,0,outro,31,36.13,0,81.1,1,1.0
alimento,baixa,111.57,19.82,0,masculino,24,8.88,1,111.57,0,4.3
eletrônico,média,132.32,6.19,1,masculino,67,4.98,1,114.38,1,2.6
vestuário,alta,89.22,0.8,0,masculino,37,7.6,1,89.22,1,1.9
alimento,baixa,56.35,12.16,0,feminino,24,2.55,1,56.35,1,2.0
eletrônico,baixa,144.07,44.32,1,feminino,45,2.56,1,104.05,1,5.2
eletrônico,média,136.06,16.86,1,masculino,44,0.96,1,128.27,1,3.9
vestuário,alta,54.19,35.72,0,masculino,32,0.97,1,54.19,1,7.0
cosmético,média,167.77,95.65,0,masculino,45,3.42,1,167.77,0,11.9
eletrônico,média,158.51,3.57,0,feminino,25,11.51,1,158.51,0,1.6
eletrônico,média,106.71,23.54,0,feminino,29,7.49,1,106.71,1,2.3
alimento,média,103.98,22.44,0,masculino,16,0.87,1,103.98,0,1.2
livro,baixa,127.7,78.2,1,masculino,19,15.3,1,95.16,0,10.3
vestuário,média,56.91,84.81,0,masculino,56,7.36,1,56.91,1,8.0
vestuário,alta,101.5,23.21,1,masculino,54,25.92,1,71.52,1,2.8
cosmético,média,-7.62,5.58,1,feminino,35,8.87,1,-5.88,0,3.5
cosmético,alta,143.82,32.04,1,masculino,54,1.54,1,121.59,1,1.8
vestuário,alta,21.93,2.26,0,masculino,33,5.14,1,21.93,1,3.5
cosmético,baixa,175.17,30.35,1,masculino,32,8.36,1,122.64,0,3.7
alimento,alta,83.49,48.2,0,feminino,35,0.23,1,83.49,0,4.6
vestuário,baixa,89.42,9.65,0,feminino,33,0.12,1,89.42,0,1.6
cosmético,média,68.61,19.92,0,masculino,32,1.11,1,68.61,0,1.9
vestuário,baixa,85.6,11.25,0,masculino,48,2.32,1,85.6,0,2.8
livro,baixa,170.93,11.52,1,masculino,36,4.49,1,132.27,1,1.0
eletrônico,média,-24.39,7.43,0,feminino,43,5.35,1,-24.39,1,1.0
vestuário,média,163.85,28.72,0,masculino,47,1.19,0,163.85,0,3.5
eletrônico,média,116.9,55.03,0,feminino,39,8.95,1,116.9,1,5.5
cosmético,média,39.65,56.52,0,feminino,23,7.25,1,39.65,1,7.0
eletrônico,baixa,46.23,3.84,0,feminino,18,2.79,1,46.23,1,1.0
vestuário,baixa,183.82,41.55,1,masculino,36,0.11,1,163.26,0,4.4
livro,média,52.72,26.74,0,feminino,32,0.65,1,52.72,0,3.4
cosmético,média,42.33,5.83,0,feminino,36,3.98,1,42.33,0,1.3
vestuário,alta,156.87,1.39,0,masculino,34,1.34,0,156.87,0,1.5
cosmético,média,116.93,6.24,0,masculino,66,3.78,1,116.93,1,2.6
alimento,alta,53.1,48.66,0,masculino,19,7.91,1,53.1,1,4.6
eletrônico,média,110.83,20.06,0,masculino,16,6.34,1,110.83,0,3.9
alimento,média,48.71,25.53,1,masculino,38,2.1,1,40.27,0,1.0
vestuário,média,155.04,5.95,0,feminino,30,3.37,1,155.04,0,2.0
livro,média,153.07,25.42,0,masculino,38,7.62,1,153.07,1,2.6
cosmético,média,126.6,0.57,0,feminino,42,15.78,1,126.6,0,1.0
eletrônico,alta,118.08,9.41,1,masculino,50,11.19,1,106.39,0,3.4
cosmético,média,188.06,19.71,0,outro,16,6.45,1,188.06,0,4.7
vestuário,alta,99.98,3.16,0,masculino,28,3.6,1,99.98,1,1.0
cosmético,alta,40.91,34.63,1,feminino,40,3.63,1,37.13,1,3.0
eletrônico,alta,122.47,5.36,0,masculino,44,16.92,0,122.47,1,2.8
vestuário,alta,204.3,21.13,0,masculino,61,0.32,0,204.3,1,1.1
cosmético,média,49.26,10.39,0,feminino,46,35.37,1,49.26,0,1.0
livro,média,81.93,18.13,0,masculino,34,8.73,1,81.93,0,4.1
vestuário,média,120.82,2.27,0,feminino,24,9.14,1,120.82,1,1.3
vestuário,média,97.3,0.34,0,feminino,28,0.31,1,97.3,1,1.0
livro,média,50.88,48.06,0,masculino,27,7.44,1,50.88,0,2.6
alimento,alta,156.09,6.28,0,feminino,42,5.31,1,156.09,1,2.4
eletrônico,média,216.0,34.26,0,feminino,38,0.89,1,216.0,0,6.7
alimento,média,109.81,146.78,1,masculino,19,2.6,1,101.09,0,13.8
cosmético,baixa,54.8,4.75,1,feminino,29,17.68,1,49.65,1,2.1
livro,média,22.55,6.16,1,feminino,45,6.39,1,17.05,1,3.1
alimento,baixa,112.9,21.75,0,masculino,39,4.27,1,112.9,1,6.5
vestuário,alta,155.19,67.31,0,masculino,41,0.6,1,155.19,1,8.2
cosmético,média,123.76,49.49,0,feminino,39,10.02,1,123.76,0,6.7
cosmético,baixa,99.88,13.98,0,masculino,54,9.71,1,99.88,1,1.0
alimento,baixa,70.54,31.71,1,masculino,37,7.62,1,58.0,1,7.8
alimento,média,45.39,2.92,0,masculino,30,5.71,1,45.39,1,1.0
livro,média,141.74,75.83,0,feminino,24,4.55,1,141.74,0,6.7
eletrônico,média,145.69,66.68,0,masculino,37,7.2,1,145.69,1,8.3
alimento,baixa,22.71,3.58,0,masculino,16,2.13,0,22.71,0,4.1
alimento,média,179.49,7.12,0,feminino,32,22.68,1,179.49,0,5.5
vestuário,média,128.7,2.11,0,masculino,32,7.11,1,128.7,1,1.4
cosmético,média,169.98,6.34,0,feminino,18,2.98,1,169.98,1,3.1
eletrônico,média,32.89,33.85,1,outro,23,4.78,0,28.13,1,5.4
vestuário,média,31.71,9.51,0,feminino,44,13.11,1,31.71,0,1.0
livro,média,92.55,1.85,1,feminino,37,1.41,1,66.8,1,2.9
livro,alta,125.14,8.38,1,masculino,36,2.77,1,112.56,1,1.0
alimento,média,189.82,79.67,0,feminino,38,9.1,1,189.82,0,11.8
alimento,média,135.3,19.87,1,masculino,36,3.03,1,106.99,0,5.4
livro,baixa,87.87,10.76,0,masculino,49,12.58,1,87.87,1,2.5
alimento,média,48.68,3.64,1,masculino,36,1.12,1,40.96,1,4.6
eletrônico,baixa,161.5,85.63,0,masculino,17,11.51,1,161.5,1,13.9
alimento,média,51.76,34.39,0,feminino,54,0.57,1,51.76,1,4.7
cosmético,alta,181.42,6.61,0,masculino,39,0.1,1,181.42,1,1.0
alimento,média,85.78,1.45,0,feminino,27,18.28,1,85.78,0,1.0
vestuário,baixa,179.53,1.17,1,feminino,19,6.97,1,136.28,0,4.5
eletrônico,baixa,133.95,2.57,0,feminino,39,3.47,1,133.95,1,1.6
vestuário,média,93.15,17.39,0,masculino,33,2.12,1,93.15,0,4.4
vestuário,baixa,74.03,52.83,0,feminino,53,7.68,1,74.03,1,5.2
cosmético,baixa,82.95,13.73,1,masculino,30,5.69,1,67.7,1,4.7
eletrônico,alta,121.42,37.02,0,masculino,24,38.23,1,121.42,1,4.7
eletrônico,média,103.86,11.81,0,outro,45,32.7,1,103.86,0,1.4
eletrônico,média,70.31,24.66,0,masculino,46,8.06,1,70.31,0,4.2
eletrônico,alta,91.72,26.33,1,masculino,37,4.68,1,74.76,0,3.8
eletrônico,baixa,103.93,3.82,0,feminino,43,5.4,1,103.93,1,3.3
cosmético,alta,-6.44,8.96,0,masculino,34,9.18,1,-6.44,1,1.8
alimento,média,122.91,20.28,0,feminino,37,0.86,1,122.91,0,4.5
vestuário,alta,51.01,1.47,1,masculino,48,3.18,0,43.28,1,1.0
eletrônico,média,42.33,8.97,0,masculino,42,0.63,1,42.33,0,1.9
alimento,alta,15.63,15.31,0,masculino,32,0.61,1,15.63,1,2.2
alimento,alta,10.31,111.58,0,masculino,51,1.74,1,10.31,0,15.7
vestuário,média,32.23,12.87,1,masculino,16,5.31,1,22.89,0,2.6
cosmético,alta,64.55,33.86,1,feminino,59,12.29,1,61.23,0,1.4
livro,média,197.66,11.32,0,feminino,16,5.32,1,197.66,0,1.0
livro,média,73.71,31.83,0,feminino,27,3.27,1,73.71,0,3.8
alimento,média,108.89,18.1,0,masculino,34,0.69,1,108.89,0,6.1
vestuário,média,120.02,43.54,0,feminino,33,6.39,1,120.02,1,6.9
livro,baixa,106.55,10.58,0,feminino,47,2.53,1,106.55,1,1.0
alimento,média,96.13,18.54,0,feminino,22,7.63,1,96.13,0,7.0
cosmético,média,40.24,19.89,0,masculino,38,30.24,1,40.24,1,2.9
livro,alta,172.55,10.8,1,feminino,28,0.94,1,124.35,1,3.4
alimento,alta,190.36,3.12,0,feminino,38,1.91,1,190.36,0,1.0
alimento,média,15.87,1.96,0,masculino,34,5.13,1,15.87,0,1.0
eletrônico,média,48.8,0.34,0,feminino,36,27.69,1,48.8,0,1.0
cosmético,média,86.01,41.36,0,masculino,28,11.82,1,86.01,1,1.0
eletrônico,baixa,51.77,5.4,0,feminino,28,18.28,1,51.77,1,5.7
vestuário,baixa,125.3,4.75,0,feminino,38,3.25,1,125.3,1,1.8
eletrônico,média,63.59,26.64,0,feminino,46,38.67,1,63.59,1,3.3
eletrônico,média,208.25,7.71,1,masculino,27,0.87,1,146.09,1,3.4
livro,alta,159.53,14.11,1,masculino,24,0.44,0,129.88,0,2.2
alimento,média,110.63,3.55,0,feminino,42,15.48,1,110.63,0,2.8
cosmético,média,151.35,64.25,0,masculino,34,20.97,1,151.35,1,9.2
eletrônico,média,155.3,38.15,0,masculino,44,0.76,0,155.3,0,5.4
cosmético,baixa,71.8,39.87,0,feminino,24,0.96,1,71.8,0,3.7
eletrônico,média,59.19,10.44,0,feminino,16,0.27,1,59.19,1,4.3
vestuário,média,103.91,28.74,1,masculino,28,0.88,1,91.94,1,5.1
eletrônico,média,143.08,3.11,1,masculino,25,1.88,1,107.34,0,2.5
livro,média,106.95,0.17,1,masculino,34,28.07,1,94.34,1,3.8
alimento,alta,21.15,0.4,0,feminino,27,8.82,0,21.15,0,1.0
vestuário,alta,59.86,17.67,1,feminino,43,12.06,1,49.13,1,1.4
eletrônico,média,96.3,12.15,1,feminino,31,11.97,1,86.75,1,3.8
cosmético,média,96.22,14.6,0,feminino,36,6.13,1,96.22,1,1.4
vestuário,média,198.63,0.15,0,feminino,36,12.78,1,198.63,0,1.8
vestuário,média,30.7,10.99,1,feminino,37,7.25,1,22.08,1,1.0
eletrônico,média,125.28,25.32,0,masculino,34,3.02,1,125.28,0,3.9
vestuário,baixa,174.46,11.69,0,feminino,41,6.59,1,174.46,0,5.0
cosmético,média,213.57,26.35,0,masculino,25,6.1,1,213.57,1,3.0
vestuário,média,79.78,5.31,0,feminino,51,13.87,1,79.78,1,1.0
cosmético,média,124.57,33.55,0,feminino,32,32.02,0,124.57,0,6.1
eletrônico,alta,128.49,17.76,1,masculino,19,4.24,1,95.33,0,2.2
alimento,alta,109.77,4.73,0,feminino,37,11.53,0,109.77,1,1.0
vestuário,alta,95.06,5.4,0,masculino,24,0.84,1,95.06,1,2.4
alimento,média,121.8,19.78,0,feminino,42,12.0,1,121.8,0,4.9
cosmético,alta,-26.61,35.43,0,masculino,61,3.71,1,-26.61,1,6.4
vestuário,baixa,134.1,10.74,0,feminino,25,0.32,0,134.1,0,1.0
livro,alta,106.31,5.98,0,masculino,38,3.61,1,106.31,1,2.0
alimento,baixa,88.88,40.35,0,masculino,16,7.55,1,88.88,1,4.8
vestuário,alta,202.34,22.13,0,masculino,40,1.02,1,202.34,1,2.3
alimento,média,66.25,11.89,0,masculino,24,20.62,1,66.25,0,4.5
vestuário,alta,79.85,13.38,0,masculino,27,0.65,1,79.85,0,1.5
eletrônico,alta,199.58,4.57,0,feminino,21,21.27,1,199.58,1,2.9
alimento,baixa,58.4,19.71,0,masculino,43,9.82,1,58.4,0,3.7
livro,média,72.49,8.89,1,masculino,47,3.2,1,62.07,1,1.0
livro,alta,92.65,108.73,0,masculino,35,3.96,1,92.65,1,12.8
cosmético,média,142.04,13.09,0,feminino,24,10.8,1,142.04,0,3.1
vestuário,alta,110.39,13.31,0,feminino,54,7.36,1,110.39,0,1.0
alimento,média,35.37,16.69,0,feminino,25,8.91,1,35.37,1,3.6
cosmético,média,73.39,49.72,1,feminino,16,3.94,1,52.04,1,4.8
alimento,média,69.63,32.27,0,masculino,40,5.35,1,69.63,0,6.4
vestuário,média,96.14,12.0,0,masculino,21,36.74,0,96.14,0,1.0
livro,alta,121.29,25.37,0,masculino,46,1.93,1,121.29,1,2.5
eletrônico,média,120.91,17.65,0,feminino,30,4.33,1,120.91,0,4.3
livro,média,11.2,13.56,1,outro,42,2.76,1,9.14,1,1.9
cosmético,média,153.2,4.27,0,feminino,51,11.59,1,153.2,0,2.6
eletrônico,média,112.63,12.47,0,masculino,20,11.55,1,112.63,1,1.0
cosmético,alta,169.23,5.64,0,masculino,28,2.77,0,169.23,1,4.0
vestuário,alta,122.21,49.26,0,masculino,34,0.68,1,122.21,0,6.7
eletrônico,média,155.07,8.17,1,feminino,53,0.09,1,108.63,0,4.9
cosmético,alta,123.33,60.84,0,masculino,27,4.46,1,123.33,0,8.4
vestuário,alta,167.31,15.23,0,feminino,27,4.23,1,167.31,1,2.5
livro,média,126.11,19.97,0,masculino,40,35.65,1,126.11,0,1.0
vestuário,alta,95.1,15.66,0,feminino,28,5.08,1,95.1,0,1.7
alimento,média,213.62,2.77,0,feminino,36,2.37,1,213.62,0,4.2
vestuário,baixa,144.45,9.43,0,feminino,16,17.75,1,144.45,1,4.0
vestuário,alta,128.69,2.09,0,feminino,61,5.4,1,128.69,1,1.0
alimento,média,36.18,19.51,0,feminino,18,7.31,1,36.18,1,1.0
cosmético,alta,35.58,11.84,0,feminino,31,0.8,1,35.58,1,1.9
cosmético,alta,114.64,30.1,1,feminino,34,3.86,1,97.67,0,3.6
vestuário,baixa,107.28,4.98,0,feminino,57,23.09,1,107.28,1,1.1
alimento,alta,69.29,3.6,0,outro,19,7.12,0,69.29,0,2.7
alimento,média,107.05,10.43,0,feminino,58,3.38,1,107.05,1,3.9
livro,média,179.43,52.23,0,feminino,44,7.86,1,179.43,1,7.2
cosmético,média,134.77,24.79,0,feminino,40,19.3,1,134.77,0,4.1
eletrônico,alta,42.95,10.86,1,masculino,23,2.56,1,39.99,0,1.0
cosmético,baixa,94.42,14.57,0,masculino,41,5.63,1,94.42,1,1.9
cosmético,média,59.75,1.76,0,feminino,26,25.49,1,59.75,0,4.6
livro,média,80.62,83.44,0,feminino,50,1.51,1,80.62,1,9.4
eletrônico,alta,79.32,21.96,0,feminino,23,10.17,1,79.32,1,4.7
livro,média,76.12,6.72,0,masculino,33,7.63,1,76.12,0,1.7
eletrônico,baixa,37.24,17.63,1,feminino,28,9.11,0,28.87,0,4.4
vestuário,média,93.62,2.32,0,feminino,23,3.46,1,93.62,1,1.0
eletrônico,média,71.97,67.53,0,masculino,43,3.01,1,71.97,0,8.4
livro,alta,-46.47,3.84,0,feminino,41,9.22,1,-46.47,1,1.0
cosmético,média,202.65,20.88,0,feminino,49,1.94,1,202.65,0,5.0
eletrônico,média,154.44,5.63,0,masculino,16,4.35,1,154.44,0,2.6
eletrônico,alta,81.18,25.29,0,feminino,47,1.67,1,81.18,1,2.1
alimento,baixa,100.94,30.0,0,feminino,65,0.07,1,100.94,1,5.1
cosmético,alta,41.42,22.38,0,masculino,29,28.07,1,41.42,0,2.0
vestuário,média,184.79,19.06,0,masculino,57,4.52,1,184.79,0,1.1
livro,alta,194.86,44.6,0,outro,31,27.88,1,194.86,1,3.7
vestuário,média,107.83,1.64,0,masculino,18,1.21,1,107.83,0,2.0
cosmético,baixa,151.18,8.04,0,masculino,31,7.08,1,151.18,1,3.7
eletrônico,alta,108.76,5.71,0,masculino,47,1.79,1,108.76,1,3.3
eletrônico,alta,33.16,88.48,0,feminino,24,12.49,1,33.16,1,11.8
cosmético,alta,79.41,9.87,0,feminino,27,12.25,1,79.41,1,2.7
eletrônico,baixa,106.6,26.38,1,feminino,42,0.96,0,96.78,0,4.8
eletrônico,alta,77.27,23.09,0,masculino,35,19.45,0,77.27,1,5.4
eletrônico,alta,89.07,4.77,0,feminino,42,1.73,1,89.07,1,1.0
livro,média,95.43,5.46,0,masculino,37,7.59,1,95.43,0,1.2
livro,alta,95.96,6.61,0,masculino,40,33.94,1,95.96,1,1.0
alimento,alta,102.61,10.59,0,masculino,29,17.12,1,102.61,1,4.3
vestuário,média,46.97,5.34,0,masculino,37,25.09,1,46.97,0,1.3
cosmético,baixa,64.15,0.4,0,feminino,23,3.36,1,64.15,1,1.1
cosmético,média,35.77,42.3,0,feminino,50,0.89,1,35.77,0,3.0
cosmético,baixa,148.89,67.4,0,masculino,27,1.67,1,148.89,1,9.3
alimento,média,-5.28,8.36,1,feminino,48,5.55,1,-4.66,0,3.3
livro,média,157.68,8.27,0,feminino,32,12.61,1,157.68,1,2.2
alimento,baixa,169.32,0.14,0,feminino,37,1.3,1,169.32,1,1.0
cosmético,média,84.89,22.8,0,masculino,29,8.62,1,84.89,0,2.1
vestuário,baixa,-30.16,34.91,0,feminino,22,3.13,1,-30.16,1,4.8
eletrônico,alta,81.93,3.17,0,masculino,16,3.34,1,81.93,0,1.3
livro,alta,96.79,3.48,0,feminino,22,8.68,1,96.79,0,1.5
livro,baixa,49.47,31.22,0,masculino,31,5.03,1,49.47,1,1.0
alimento,alta,74.24,19.16,0,feminino,37,13.37,1,74.24,0,2.7
livro,média,176.51,0.92,1,masculino,47,1.36,1,150.25,0,3.3
cosmético,média,133.25,19.49,1,masculino,29,12.48,1,107.79,0,3.6
cosmético,baixa,53.77,7.39,0,feminino,24,0.53,1,53.77,0,2.0
alimento,média,20.12,9.2,0,feminino,17,1.73,1,20.12,0,5.4
cosmético,alta,83.65,29.37,0,feminino,40,8.54,1,83.65,0,1.0
vestuário,alta,89.33,33.31,0,feminino,51,15.44,1,89.33,1,3.1
alimento,baixa,124.81,10.23,0,masculino,50,2.33,1,124.81,1,1.9
vestuário,baixa,73.23,58.81,0,feminino,43,3.17,0,73.23,1,8.2
eletrônico,média,125.57,10.43,1,masculino,42,6.16,1,107.32,0,4.4
vestuário,média,196.76,29.55,0,masculino,55,1.9,1,196.76,1,2.7
eletrônico,média,140.78,13.23,0,feminino,38,13.33,0,140.78,1,4.8
eletrônico,média,97.6,45.56,0,feminino,42,11.88,1,97.6,0,6.0
vestuário,alta,90.84,47.67,1,feminino,31,1.26,1,77.25,0,7.6
alimento,alta,82.17,1.83,0,feminino,18,4.99,1,82.17,1,1.0
cosmético,média,159.03,55.13,0,feminino,26,11.93,1,159.03,0,6.3
cosmético,alta,68.63,34.92,0,masculino,34,3.29,1,68.63,1,3.8
eletrônico,média,102.26,31.34,1,masculino,35,8.02,1,93.66,1,6.7
eletrônico,média,102.56,4.49,0,feminino,58,0.41,1,102.56,0,1.7
alimento,média,74.91,32.71,1,masculino,35,7.51,1,55.38,1,4.7
livro,média,31.38,37.96,0,masculino,49,1.33,1,31.38,1,5.1
vestuário,alta,116.15,6.83,0,masculino,29,14.2,1,116.15,0,2.5
eletrônico,média,96.95,60.84,0,feminino,31,3.51,1,96.95,0,9.4
cosmético,média,125.01,1.02,0,masculino,19,2.65,1,125.01,0,1.4
alimento,média,73.32,3.25,0,feminino,26,14.71,1,73.32,0,1.2
vestuário,baixa,161.04,15.43,1,feminino,41,0.41,1,145.47,0,2.0
alimento,alta,56.16,17.15,0,masculino,35,4.04,1,56.16,0,3.3
vestuário,média,185.6,20.72,0,feminino,46,3.7,1,185.6,0,3.4
vestuário,média,12.62,0.34,0,feminino,37,2.68,1,12.62,1,1.0
eletrônico,média,121.74,64.56,0,feminino,30,19.42,1,121.74,1,8.5
alimento,média,123.77,0.91,0,feminino,60,11.12,0,123.77,1,1.0
alimento,baixa,60.22,3.09,0,masculino,33,0.53,1,60.22,0,2.8
cosmético,média,121.22,0.28,0,feminino,48,10.03,1,121.22,1,1.3
cosmético,média,163.98,16.73,0,masculino,30,5.99,1,163.98,1,4.2
eletrônico,alta,-10.84,53.84,1,feminino,43,18.49,1,-9.75,1,7.4
eletrônico,alta,125.14,21.93,0,feminino,46,3.0,1,125.14,1,1.6
livro,alta,-24.66,34.59,1,feminino,37,6.83,1,-21.44,0,3.4
cosmético,média,51.72,0.27,0,masculino,16,5.56,1,51.72,0,1.0
vestuário,média,181.46,15.62,0,masculino,35,5.38,1,181.46,0,3.7
alimento,baixa,70.91,12.31,0,masculino,49,4.87,1,70.91,1,1.0
eletrônico,alta,41.31,13.82,0,masculino,41,1.84,1,41.31,1,3.4
alimento,média,90.1,1.5,1,masculino,40,11.28,1,80.38,0,2.4
alimento,média,203.4,23.07,0,feminino,16,4.8,0,203.4,0,2.8
livro,média,8.42,13.99,0,masculino,26,25.46,1,8.42,1,2.0
cosmético,baixa,47.43,28.98,1,outro,39,2.42,1,34.41,1,3.0
eletrônico,média,174.87,13.28,0,masculino,39,9.18,1,174.87,0,2.2
alimento,baixa,192.89,3.24,0,feminino,49,22.6,1,192.89,1,1.2
eletrônico,alta,94.83,20.9,0,feminino,33,8.71,1,94.83,1,3.0
vestuário,média,38.05,3.78,1,feminino,39,16.4,1,28.46,0,2.4
livro,baixa,204.79,41.18,0,feminino,35,14.06,1,204.79,1,3.5
vestuário,média,179.72,18.99,0,masculino,23,3.57,1,179.72,1,1.5
eletrônico,baixa,133.95,3.42,0,feminino,16,7.33,1,133.95,1,5.0
eletrônico,média,59.38,65.58,1,masculino,40,1.36,1,44.5,1,10.0
cosmético,alta,97.55,14.61,0,masculino,37,6.13,1,97.55,0,1.0
alimento,baixa,91.98,1.51,0,feminino,27,2.1,1,91.98,1,1.0
alimento,alta,116.54,19.71,0,feminino,16,10.89,1,116.54,1,3.8
vestuário,baixa,172.55,5.84,1,feminino,42,6.01,1,157.33,1,2.1
livro,média,143.97,32.56,1,masculino,31,4.24,1,106.37,1,1.5
alimento,alta,46.13,34.06,1,masculino,41,2.5,1,41.57,1,6.6
cosmético,média,168.82,77.21,0,masculino,57,53.15,1,168.82,1,10.0
vestuário,baixa,115.66,13.94,0,masculino,16,0.6,1,115.66,1,3.1
vestuário,média,134.35,12.14,0,masculino,26,0.36,1,134.35,0,4.2
cosmético,média,173.33,28.01,1,masculino,32,1.96,0,152.33,0,4.5
livro,alta,44.42,2.84,0,masculino,52,28.34,1,44.42,0,1.5
cosmético,média,98.21,15.83,0,feminino,16,31.0,1,98.21,1,4.9
livro,alta,73.43,15.8,1,masculino,58,8.51,1,56.03,0,3.7
cosmético,alta,21.61,1.87,0,feminino,36,16.97,1,21.61,0,1.0
cosmético,média,117.34,10.83,0,masculino,33,1.93,1,117.34,1,3.0
eletrônico,alta,225.58,38.39,0,feminino,32,28.62,1,225.58,1,4.8
vestuário,média,8.0,38.78,0,feminino,29,1.23,1,8.0,0,5.6
cosmético,alta,98.39,2.09,1,masculino,47,0.85,1,74.95,1,1.9
cosmético,baixa,132.03,1.9,0,feminino,22,0.95,1,132.03,0,1.0
alimento,média,106.15,6.1,0,masculino,39,6.81,1,106.15,1,1.9
vestuário,média,94.34,41.55,0,feminino,30,12.15,1,94.34,1,5.6
alimento,média,35.04,2.76,0,masculino,25,3.65,1,35.04,1,1.1
vestuário,média,111.64,25.46,0,outro,66,30.5,1,111.64,0,4.0
alimento,alta,62.16,2.13,0,masculino,40,4.56,0,62.16,0,2.9
cosmético,baixa,-9.5,19.52,0,masculino,42,1.3,1,-9.5,1,2.9
cosmético,baixa,159.73,8.8,0,feminino,48,5.02,1,159.73,0,2.2
eletrônico,alta,147.92,31.11,0,masculino,17,9.09,1,147.92,1,7.2
alimento,média,102.58,5.32,0,feminino,56,14.28,1,102.58,0,2.7
livro,alta,111.45,20.39,1,masculino,16,4.91,0,88.84,1,2.8
eletrônico,alta,153.72,5.38,1,feminino,25,7.2,0,143.38,1,1.1
alimento,alta,111.22,25.01,1,masculino,29,2.49,1,81.62,1,5.0
alimento,alta,145.2,41.38,0,feminino,41,8.31,1,145.2,0,6.1
eletrônico,média,85.13,2.71,0,feminino,37,34.13,1,85.13,0,4.2
cosmético,baixa,165.6,40.29,0,masculino,32,0.4,1,165.6,0,5.1
alimento,alta,116.04,18.01,0,masculino,34,17.41,0,116.04,1,1.0
cosmético,média,109.7,2.72,0,masculino,23,6.61,1,109.7,1,1.0
eletrônico,baixa,36.5,11.16,0,outro,17,2.32,1,36.5,0,4.2
cosmético,média,114.35,3.51,1,masculino,43,24.79,1,106.91,1,1.0
vestuário,alta,58.4,24.1,0,masculino,43,5.28,1,58.4,1,4.1
livro,média,68.09,28.45,0,masculino,54,3.22,1,68.09,0,3.5
alimento,média,59.23,2.24,1,masculino,25,1.6,1,45.89,0,1.5
livro,média,46.69,14.11,0,feminino,43,2.24,1,46.69,1,1.8
cosmético,média,206.24,33.71,1,feminino,31,14.31,1,151.47,0,3.1
alimento,média,166.57,55.03,1,feminino,49,7.62,1,151.68,1,7.0
cosmético,média,196.02,14.41,1,feminino,47,19.56,0,161.02,1,1.6
vestuário,baixa,38.86,60.03,0,feminino,37,2.11,1,38.86,0,6.4
eletrônico,alta,103.56,15.34,0,masculino,30,1.03,1,103.56,1,3.0
alimento,média,35.32,10.02,0,masculino,46,0.05,1,35.32,0,2.2
vestuário,alta,65.22,37.7,0,feminino,42,5.67,0,65.22,1,6.2
vestuário,alta,54.09,13.58,0,feminino,26,51.05,1,54.09,0,2.2
alimento,média,161.98,12.77,0,feminino,19,9.5,1,161.98,1,4.3
cosmético,média,80.19,13.48,0,masculino,31,2.95,1,80.19,0,4.7
vestuário,média,153.42,37.52,0,masculino,53,16.76,1,153.42,1,6.0
livro,alta,130.21,35.67,1,masculino,48,12.18,1,115.95,1,4.9
vestuário,média,215.18,10.33,1,feminino,21,0.12,1,151.24,0,2.5
cosmético,média,26.03,8.11,0,feminino,20,13.58,1,26.03,0,3.1
cosmético,média,162.96,13.54,0,feminino,50,2.86,1,162.96,1,2.5
livro,média,157.32,17.01,1,masculino,21,1.3,1,130.69,1,3.7
vestuário,baixa,51.33,5.45,0,feminino,41,2.05,0,51.33,0,2.5
cosmético,média,150.36,31.59,1,masculino,27,5.06,1,142.02,1,3.6
alimento,alta,116.81,13.33,1,masculino,54,4.43,1,91.12,0,4.2
eletrônico,média,88.63,8.13,0,feminino,25,2.73,1,88.63,1,3.0
eletrônico,média,58.8,2.26,1,masculino,48,1.51,1,53.37,0,2.1
eletrônico,média,64.04,5.46,0,masculino,37,11.49,1,64.04,0,1.8
vestuário,alta,202.49,59.63,0,feminino,38,36.93,1,202.49,0,7.2
livro,baixa,100.03,7.28,0,feminino,16,12.03,0,100.03,1,2.7
cosmético,alta,139.11,3.7,0,masculino,16,2.81,1,139.11,0,2.7
alimento,média,60.46,12.35,1,feminino,32,2.25,1,47.79,0,3.3
alimento,média,61.01,7.34,0,masculino,37,1.96,1,61.01,1,3.1
vestuário,baixa,154.1,0.72,0,feminino,21,1.18,1,154.1,0,3.0
eletrônico,baixa,32.52,7.81,0,feminino,21,6.41,1,32.52,0,2.6
vestuário,média,79.24,15.71,1,feminino,41,7.44,1,58.71,1,1.0
livro,média,101.7,16.05,1,feminino,41,9.78,1,95.22,1,4.1
livro,alta,105.57,8.82,1,masculino,33,9.12,1,79.81,0,1.0
cosmético,baixa,91.05,11.86,0,masculino,44,2.77,1,91.05,1,1.2
cosmético,média,119.79,67.35,0,masculino,20,3.21,1,119.79,1,5.0
livro,média,134.64,9.48,0,masculino,30,9.15,1,134.64,1,2.3
livro,baixa,136.73,5.97,0,feminino,54,3.44,1,136.73,1,1.0
